<?xml version="1.0" encoding="UTF-8" standalone="yes"?>
<addon id="plugin.video.movies4me" name="Movies4ME" version="0" provider-name="kinkin, art by azad720">
    <requires>
        <import addon="xbmc.python" version="2.1.0"/>
        <import addon="script.module.t0mm0.common" version="1.1.0"/>
        <import addon="script.module.metahandler"/>
    </requires>
    <extension point="xbmc.python.pluginsource"
               	library="default.py">
        <provides>video</provides>
    </extension>
    <extension point="xbmc.addon.metadata">
        <platform>all</platform>
        <summary>A simple movie addon</summary>
        <description>If you're seeing this message it means the add-on is still updating, please wait for the update process to complete.</description>
    </extension>
	
</addon>
