<?xml version="1.0" encoding="UTF-8" standalone="yes"?>
<addon id="script.extendedinfo" name="ExtendedInfo Script Mod" version="0" provider-name="Original work by phil65, modded by [COLOR FF8ABEE2]Open[/COLOR][COLOR FF757677]ELEQ[/COLOR]">
	<requires>
		<import addon="xbmc.python" version="2.1.0"/>
		<import addon="script.module.pil" version="1.1.7"/>
		<import addon="script.module.requests" version="1.1.0"/>
		<import addon="script.module.simplejson" version="2.0.10"/>
		<import addon="script.module.urlresolver" version="1.0.0"/>
		<import addon="script.module.youtube.dl" version="14.519.1"/>
	</requires>
	<extension point="xbmc.python.script"           library="default.py">
		<provides>executable</provides>
	</extension>
	<extension point="xbmc.python.library"          library="default.py" />
	<extension point="xbmc.python.pluginsource"     library="plugin.py">
		<provides>video</provides>
	</extension>
	<extension point="kodi.context.item"            library="addon.py">
		<provides>executable</provides>	
			<item>
				<label>Alternate Play</label>
				<visible>StringCompare(ListItem.FileExtension,strm) + [StringCompare(ListItem.dbtype,movie) | StringCompare(ListItem.dbtype,episode)]</visible>
			</item>
	</extension>
	<extension point="xbmc.addon.metadata">
		<language/>
		<summary lang="en">ExtendedInfo Script Mod</summary>
		<description lang="en">This script offers various possibilities to display online content inside skins as well as a complete MovieDB browser including info dialogs for various media types. Used services are themoviedb.org, theaudiodb.org, rottentomatoes.com, Trakt.TV, omdbapi.com and a lot more. Needs skin implementation for lot of functions.</description>
		<summary lang="nl">ExtendedInfo Script Mod</summary>
		<description lang="nl">Dit script biedt meerdere mogelijkheded om online content weer te geven in skins en bevat ook een complete MovieDB browser inclusief info dialogen voor verscheidene media types. Gebruikte diensten zijn themoviedb.org, theaudiodb.org, rottentomatoes.com, Trakt.TV, omdbapi.com en nog veel meer. Vereist skin implementatie voor de meeste functies.</description>
		<platform>all</platform>
		<license>GNU GENERAL PUBLIC LICENSE Version 2, June 1991</license>
		<forum>http://www.noobsandnerds.com/forums/index.php?topic=7393.0</forum>
		<source>https://github.com/OpenELEQ/repository.openeleq/tree/master/script.extendedinfo</source>
		<email>OpenELEQ@gmail.com</email>
	</extension>
</addon>
