<?xml version="1.0" encoding="UTF-8"?>
<addon id="script.icechannel.theme.xunity" name="iStream Theme - Xunity" version="0" provider-name="iStream">
<extension library="default.py" point="xbmc.service" />
<extension point="xbmc.addon.metadata">
<summary lang="en">iStream Theme - Xunity</summary>
<description>If you're seeing this message it means the add-on is still updating, please wait for the update process to complete.</description>
<platform></platform>
<language></language>
<license></license>
<forum></forum>
<website></website>
<source></source>
<email></email>
</extension>
</addon>
