<?xml version="1.0" encoding="UTF-8" standalone="yes"?>
<addon id="script.module.mutagen" name="mutagen" version="0" provider-name="Joe Wreschnig">
  <requires>
    <import addon="xbmc.python" version="2.1.0"/>
  </requires>
  <extension point="xbmc.python.module"
             library="lib" />
  <extension point="xbmc.addon.metadata">
    <platform>all</platform>
    <language></language>
    <summary lang="en">Mutagen is a Python module to handle audio metadata.</summary>
    <description>If you're seeing this message it means the add-on is still updating, please wait for the update process to complete.</description>
    <disclaimer lang="en">Code taken from http://code.google.com/p/mutagen/</disclaimer>
    <license>GNU GENERAL PUBLIC LICENSE. Version 2, June 1991</license>
    <website>http://code.google.com/p/mutagen/</website>
    <source>https://bitbucket.org/lazka/mutagen/overview</source>
  </extension>
</addon>
