<?xml version="1.0" encoding="UTF-8" standalone="yes"?>
<addon id="plugin.video.redtube"
  name="RedTube (Adult)"
  version="0.0.5"
  provider-name="achilles">
  <requires>
    <import addon="xbmc.python" version="2.1.0"/>
  </requires>
  <extension point="xbmc.python.pluginsource" library="default.py">
    <provides>video</provides>
  </extension>
  <extension point="xbmc.addon.metadata">
    <platform>all</platform>
    <summary>RedTube Video Add-on</summary>
    <description>A simple add-on for RedTube.com (Adult)</description>
  </extension>
</addon>
