<?xml version="1.0" encoding="UTF-8"?>
<window id="1141" type="dialog">
	<defaultcontrol>309</defaultcontrol>
	<coordinates>
		<system>1</system>
		<left>370</left>
		<top>45</top>
	</coordinates>
	<include>dialogeffect</include>
	<controls>
		<control type="group">
			<animation effect="slide" start="0,0" end="-100,0" time="320" tween="cubic" easing="inout" condition="Window.IsActive(numericinput)">Conditional</animation>
			<control type="image" id="0">
				<top>0</top>
				<width>1180</width>
				<height>462</height>
				<texture border="40,100,40,100">dialog_back.png</texture>
			</control>
			<control type="edit" id="312">
				<label>Pulse 1A ModMenu</label>
				<left>440</left>
				<top>20</top>
				<width>500</width>
				<height>50</height>
				<align>center</align>
				<font>font15</font>
				<textcolor>grey2</textcolor>
				<texturefocus>-</texturefocus>
				<texturenofocus>-</texturenofocus>
			</control>
			<control type="group" id="4000">
				<left>30</left>
				<top>70</top>
				<width>1180</width>
				<height>400</height>
				<!-- Row 1 -->
				<control type="grouplist">
					<orientation>horizontal</orientation>
					<control type="button" id="309">
						<label>Save</label>
						<align>left</align>
						<onup>162</onup>
						<ondown>303</ondown>
						<include>ColorDoubleKeyOff</include>
						<onclick>Skin.SetString(Color1,$INFO[Skin.String(Hex1)]$INFO[Skin.String(Hex2)]$INFO[Skin.String(Hex3)]$INFO[Skin.String(Hex4)]$INFO[Skin.String(Hex5)]$INFO[Skin.String(Hex6)]$INFO[Skin.String(Hex7)]$INFO[Skin.String(Hex8)])</onclick>
					</control>
					<control type="button" id="100">
						<left>126</left>
						<onup>163</onup>
						<ondown>140</ondown>
						<include>ColorButtons</include>
						<label>++</label>
						<onclick>Skin.SetString(Hex1,$VAR[Hex1Plus])</onclick>
					</control>
					<control type="button" id="101">
						<left>189</left>
						<onup>164</onup>
						<ondown>141</ondown>
						<include>ColorButtons</include>
						<label>++</label>
						<onclick>Skin.SetString(Hex2,$VAR[Hex2Plus])</onclick>
					</control>
					<control type="button" id="102">
						<left>252</left>
						<onup>164</onup>
						<ondown>142</ondown>
						<include>ColorButtons</include>
						<label>++</label>
						<onclick>Skin.SetString(Hex3,$VAR[Hex3Plus])</onclick>
					</control>
					<control type="button" id="103">
						<left>315</left>
						<onup>165</onup>
						<ondown>143</ondown>
						<include>ColorButtons</include>
						<label>++</label>
						<onclick>Skin.SetString(Hex4,$VAR[Hex4Plus])</onclick>
					</control>
					<control type="button" id="104">
						<left>378</left>
						<onup>165</onup>
						<ondown>144</ondown>
						<include>ColorButtons</include>
						<label>++</label>
						<onclick>Skin.SetString(Hex5,$VAR[Hex5Plus])</onclick>
					</control>
					<control type="button" id="105">
						<left>441</left>
						<onup>166</onup>
						<ondown>145</ondown>
						<include>ColorButtons</include>
						<label>++</label>
						<onclick>Skin.SetString(Hex6,$VAR[Hex6Plus])</onclick>
					</control>
					<control type="button" id="106">
						<left>504</left>
						<onup>167</onup>
						<ondown>146</ondown>
						<include>ColorButtons</include>
						<label>++</label>
						<onclick>Skin.SetString(Hex7,$VAR[Hex7Plus])</onclick>
					</control>
					<control type="button" id="107">
						<left>504</left>
						<onup>167</onup>
						<ondown>147</ondown>
						<include>ColorButtons</include>
						<label>++</label>
						<onclick>Skin.SetString(Hex8,$VAR[Hex8Plus])</onclick>
					</control>
					<control type="button" id="108">
						<left>504</left>
						<onup>168</onup>
						<ondown>148</ondown>
						<width>160</width>
						<include>ColorButtons</include>
						<label>++</label>
						<onclick>Skin.SetString(Pulse1A,$VAR[Pulse1APlus])</onclick>
					</control>
				</control>
				<!-- Row 2 -->
				<control type="grouplist">
					<orientation>horizontal</orientation>
					<top>80</top>
					<control type="togglebutton" id="304">
						<label>HexCode</label>
						<align>left</align>
						<onup>309</onup>
						<ondown>303</ondown>
						<include>ColorDoubleKeyOff</include>
						<onclick>noop</onclick>
					</control>
					<control type="button" id="120">
						<label>$INFO[Skin.String(Hex1)]</label>
						<left>126</left>
						<onup>100</onup>
						<ondown>140</ondown>
						<include>ColorButtons</include>
					</control>
					<control type="button" id="121">
						<label>$INFO[Skin.String(Hex2)]</label>
						<left>189</left>
						<onup>101</onup>
						<ondown>141</ondown>
						<include>ColorButtons</include>
					</control>
					<control type="button" id="122">
						<label>$INFO[Skin.String(Hex3)]</label>
						<left>252</left>
						<onup>102</onup>
						<ondown>142</ondown>
						<include>ColorButtons</include>
					</control>
					<control type="button" id="123">
						<label>$INFO[Skin.String(Hex4)]</label>
						<left>315</left>
						<onup>103</onup>
						<ondown>143</ondown>
						<include>ColorButtons</include>
					</control>
					<control type="button" id="124">
						<label>$INFO[Skin.String(Hex5)]</label>
						<left>378</left>
						<onup>104</onup>
						<ondown>144</ondown>
						<include>ColorButtons</include>
					</control>
					<control type="button" id="125">
						<label>$INFO[Skin.String(Hex6)]</label>
						<left>441</left>
						<onup>105</onup>
						<ondown>145</ondown>
						<include>ColorButtons</include>
					</control>
					<control type="button" id="126">
						<label>$INFO[Skin.String(Hex7)]</label>
						<left>504</left>
						<onup>106</onup>
						<ondown>146</ondown>
						<include>ColorButtons</include>
					</control>
					<control type="button" id="127">
						<label>$INFO[Skin.String(Hex8)]</label>
						<left>567</left>
						<onup>107</onup>
						<ondown>147</ondown>
						<include>ColorButtons</include>
					</control>
					<control type="button" id="128">
						<left>630</left>
						<onup>108</onup>
						<ondown>148</ondown>
						<width>160</width>
						<include>ColorButtons</include>
						<label>Pulse: $INFO[Skin.String(Pulse1A)]</label>
					</control>
				</control>
				<!-- Row 3 -->
				<control type="grouplist">
					<orientation>horizontal</orientation>
					<top>160</top>
					<control type="togglebutton" id="303">
						<label>Reset</label>
						<align>left</align>
						<onup>309</onup>
						<ondown>161</ondown>
						<include>ColorDoubleKeyOff</include>
						<onclick>Skin.SetString(Hex1,F)</onclick>
						<onclick>Skin.SetString(Hex2,F)</onclick>
						<onclick>Skin.SetString(Hex3,0)</onclick>
						<onclick>Skin.SetString(Hex4,5)</onclick>
						<onclick>Skin.SetString(Hex5,0)</onclick>
						<onclick>Skin.SetString(Hex6,5)</onclick>
						<onclick>Skin.SetString(Hex7,0)</onclick>
						<onclick>Skin.SetString(Hex8,5)</onclick>
						<onclick>Skin.SetString(Color1,FF050505)</onclick>
						<onclick>Skin.SetString(Pulse1A,0)</onclick>
					</control>
					<control type="button" id="140">
						<left>126</left>
						<onup>100</onup>
						<ondown>163</ondown>
						<include>ColorButtons</include>
						<label>--</label>
						<onclick>Skin.SetString(Hex1,$VAR[Hex1Minus])</onclick>
					</control>
					<control type="button" id="141">
						<left>189</left>
						<onup>101</onup>
						<ondown>164</ondown>
						<include>ColorButtons</include>
						<label>--</label>
						<onclick>Skin.SetString(Hex2,$VAR[Hex2Minus])</onclick>
					</control>
					<control type="button" id="142">
						<left>252</left>
						<onup>102</onup>
						<ondown>164</ondown>
						<include>ColorButtons</include>
						<label>--</label>
						<onclick>Skin.SetString(Hex3,$VAR[Hex3Minus])</onclick>
					</control>
					<control type="button" id="143">
						<left>315</left>
						<onup>103</onup>
						<ondown>165</ondown>
						<include>ColorButtons</include>
						<label>--</label>
						<onclick>Skin.SetString(Hex4,$VAR[Hex4Minus])</onclick>
					</control>
					<control type="button" id="144">
						<left>378</left>
						<onup>104</onup>
						<ondown>165</ondown>
						<include>ColorButtons</include>
						<label>--</label>
						<onclick>Skin.SetString(Hex5,$VAR[Hex5Minus])</onclick>
					</control>
					<control type="button" id="145">
						<left>441</left>
						<onup>105</onup>
						<ondown>166</ondown>
						<include>ColorButtons</include>
						<label>--</label>
						<onclick>Skin.SetString(Hex6,$VAR[Hex6Minus])</onclick>
					</control>
					<control type="button" id="146">
						<left>504</left>
						<onup>106</onup>
						<ondown>167</ondown>
						<include>ColorButtons</include>
						<label>--</label>
						<onclick>Skin.SetString(Hex7,$VAR[Hex7Minus])</onclick>
					</control>
					<control type="button" id="147">
						<left>567</left>
						<onup>107</onup>
						<ondown>167</ondown>
						<include>ColorButtons</include>
						<label>--</label>
						<onclick>Skin.SetString(Hex8,$VAR[Hex8Minus])</onclick>
					</control>
					<control type="button" id="148">
						<left>630</left>
						<onup>108</onup>
						<ondown>168</ondown>
						<width>160</width>
						<include>ColorButtons</include>
						<label>--</label>
						<onclick>Skin.SetString(Pulse1A,$VAR[Pulse1AMinus])</onclick>
					</control>
				</control>
				<control type="grouplist">
					<orientation>horizontal</orientation>
					<top>240</top>
					<control type="button" id="161">
						<left>252</left>
						<onup>303</onup>
						<ondown>309</ondown>
						<width>140</width>
						<include>ColorButtons</include>
						<label>White</label>
						<onclick>Skin.SetString(Hex1,F)</onclick>
						<onclick>Skin.SetString(Hex2,F)</onclick>
						<onclick>Skin.SetString(Hex3,F)</onclick>
						<onclick>Skin.SetString(Hex4,F)</onclick>
						<onclick>Skin.SetString(Hex5,F)</onclick>
						<onclick>Skin.SetString(Hex6,F)</onclick>
						<onclick>Skin.SetString(Hex7,F)</onclick>
						<onclick>Skin.SetString(Hex8,F)</onclick>
						<onclick>Skin.SetString(Color1,FFFFFFFF)</onclick>
					</control>
					<control type="button" id="162">
						<left>315</left>
						<onup>303</onup>
						<ondown>309</ondown>
						<width>140</width>
						<include>ColorButtons</include>
						<label>Red</label>
						<onclick>Skin.SetString(Hex1,F)</onclick>
						<onclick>Skin.SetString(Hex2,F)</onclick>
						<onclick>Skin.SetString(Hex3,E)</onclick>
						<onclick>Skin.SetString(Hex4,4)</onclick>
						<onclick>Skin.SetString(Hex5,0)</onclick>
						<onclick>Skin.SetString(Hex6,0)</onclick>
						<onclick>Skin.SetString(Hex7,0)</onclick>
						<onclick>Skin.SetString(Hex8,0)</onclick>
						<onclick>Skin.SetString(Color1,FFE40000)</onclick>
					</control>
					<control type="button" id="163">
						<left>378</left>
						<onup>140</onup>
						<ondown>100</ondown>
						<width>140</width>
						<include>ColorButtons</include>
						<label>Green</label>
						<onclick>Skin.SetString(Hex1,F)</onclick>
						<onclick>Skin.SetString(Hex2,F)</onclick>
						<onclick>Skin.SetString(Hex3,0)</onclick>
						<onclick>Skin.SetString(Hex4,0)</onclick>
						<onclick>Skin.SetString(Hex5,E)</onclick>
						<onclick>Skin.SetString(Hex6,4)</onclick>
						<onclick>Skin.SetString(Hex7,0)</onclick>
						<onclick>Skin.SetString(Hex8,0)</onclick>
						<onclick>Skin.SetString(Color1,FF00E400)</onclick>
					</control>
					<control type="button" id="164">
						<left>441</left>
						<onup>142</onup>
						<ondown>101</ondown>
						<width>140</width>
						<include>ColorButtons</include>
						<label>Blue</label>
						<onclick>Skin.SetString(Hex1,F)</onclick>
						<onclick>Skin.SetString(Hex2,F)</onclick>
						<onclick>Skin.SetString(Hex3,0)</onclick>
						<onclick>Skin.SetString(Hex4,0)</onclick>
						<onclick>Skin.SetString(Hex5,0)</onclick>
						<onclick>Skin.SetString(Hex6,0)</onclick>
						<onclick>Skin.SetString(Hex7,E)</onclick>
						<onclick>Skin.SetString(Hex8,4)</onclick>
						<onclick>Skin.SetString(Color1,FF0000E4)</onclick>
					</control>
					<control type="button" id="165">
						<left>504</left>
						<onup>144</onup>
						<ondown>103</ondown>
						<width>140</width>
						<include>ColorButtons</include>
						<label>Gold</label>
						<onclick>Skin.SetString(Hex1,F)</onclick>
						<onclick>Skin.SetString(Hex2,F)</onclick>
						<onclick>Skin.SetString(Hex3,E)</onclick>
						<onclick>Skin.SetString(Hex4,4)</onclick>
						<onclick>Skin.SetString(Hex5,E)</onclick>
						<onclick>Skin.SetString(Hex6,4)</onclick>
						<onclick>Skin.SetString(Hex7,4)</onclick>
						<onclick>Skin.SetString(Hex8,E)</onclick>
						<onclick>Skin.SetString(Color1,FFE4E44E)</onclick>
					</control>
					<control type="button" id="166">
						<left>567</left>
						<onup>145</onup>
						<ondown>105</ondown>
						<width>140</width>
						<include>ColorButtons</include>
						<label>Silver</label>
						<onclick>Skin.SetString(Hex1,F)</onclick>
						<onclick>Skin.SetString(Hex2,F)</onclick>
						<onclick>Skin.SetString(Hex3,6)</onclick>
						<onclick>Skin.SetString(Hex4,E)</onclick>
						<onclick>Skin.SetString(Hex5,6)</onclick>
						<onclick>Skin.SetString(Hex6,E)</onclick>
						<onclick>Skin.SetString(Hex7,6)</onclick>
						<onclick>Skin.SetString(Hex8,E)</onclick>
						<onclick>Skin.SetString(Color1,FF6E6E6E)</onclick>
					</control>
					<control type="button" id="167">
						<left>567</left>
						<onup>147</onup>
						<ondown>106</ondown>
						<width>140</width>
						<include>ColorButtons</include>
						<label>Clear</label>
						<onclick>Skin.SetString(Hex1,4)</onclick>
						<onclick>Skin.SetString(Hex2,E)</onclick>
						<onclick>Skin.SetString(Hex3,4)</onclick>
						<onclick>Skin.SetString(Hex4,E)</onclick>
						<onclick>Skin.SetString(Hex5,4)</onclick>
						<onclick>Skin.SetString(Hex6,E)</onclick>
						<onclick>Skin.SetString(Hex7,4)</onclick>
						<onclick>Skin.SetString(Hex8,E)</onclick>
						<onclick>Skin.SetString(Color1,4E4E4E4E)</onclick>
					</control>
					<control type="button" id="168">
						<left>567</left>
						<onup>148</onup>
						<ondown>108</ondown>
						<width>140</width>
						<include>ColorButtons</include>
						<label>Black</label>
						<onclick>Skin.SetString(Hex1,F)</onclick>
						<onclick>Skin.SetString(Hex2,F)</onclick>
						<onclick>Skin.SetString(Hex3,0)</onclick>
						<onclick>Skin.SetString(Hex4,0)</onclick>
						<onclick>Skin.SetString(Hex5,0)</onclick>
						<onclick>Skin.SetString(Hex6,0)</onclick>
						<onclick>Skin.SetString(Hex7,0)</onclick>
						<onclick>Skin.SetString(Hex8,0)</onclick>
						<onclick>Skin.SetString(Color1,FF000000)</onclick>
					</control>
				</control>
			</control>
			<include condition="System.HasAddon(script.extendedinfo)">ExtendedInfoAutoComplete</include>
		</control>
	</controls>
</window>