<?xml version="1.0" encoding="UTF-8"?>
<window>
	<allowoverlay>no</allowoverlay>
	<onload condition="!StringCompare(Skin.String(CinemaVision.Button),$LOCALIZE[31232])">SetFocus(8)</onload>
	<onload condition="StringCompare(Skin.String(CinemaVision.Button),$LOCALIZE[31232])">SetFocus(909)</onload>
	<onload condition="Skin.HasSetting(Enable.BlurredVideoInfo)">RunScript(script.toolbox,info=blur,id='"$VAR[PosterVar]"',radius=20,prefix=VideoInfo)</onload>
	<onunload>ClearProperty(ImageFilter,home)</onunload>
	<onload condition="Skin.HasSetting(Enable.ReplaceExtendedInfo) + [Container.Content(movies) | Stringcompare(Container.FolderPath,videodb://tvshows/titles/) + Substring(Container.FolderPath,videodb://tvshows/titles/,left) + !Container.Content(episodes) + !Container.Content(seasons)]">Action(close)</onload>
	<onload condition="Skin.HasSetting(Enable.ReplaceExtendedInfo) + [Container.Content(movies) | Stringcompare(Container.FolderPath,videodb://tvshows/titles/) + Substring(Container.FolderPath,videodb://tvshows/titles/,left) + !Container.Content(episodes) + !Container.Content(seasons)]">RunScript(script.extendedinfo,info=openinfodialog)</onload>
	<controls>
		<control type="group">
			<visible>!Skin.HasSetting(Enable.ReplaceExtendedInfo) | [!Stringcompare(Container.FolderPath,videodb://tvshows/titles/) + Substring(Container.FolderPath,videodb://tvshows/titles/,left)]</visible>
			<control type="group">
				<animation effect="slide" start="-729,0" end="0,0" delay="250" time="700" tween="quadratic">WindowOpen</animation>
				<animation effect="slide" end="-729,0" time="500" tween="quadratic">WindowClose</animation>
				<animation effect="slide" start="-729,0" end="0,0" time="500" tween="quadratic" condition="![Window.IsVisible(script-ExtendedInfo Script-DialogVideoInfo.xml) | Window.IsVisible(script-ExtendedInfo Script-DialogInfo.xml)]">Conditional</animation>
				<animation effect="slide" end="-729,0" delay="250" time="700" tween="quadratic" condition="Window.IsVisible(script-ExtendedInfo Script-DialogVideoInfo.xml) | Window.IsVisible(script-ExtendedInfo Script-DialogInfo.xml)">Conditional</animation>
				<control type="image">
					<width>729</width>
					<height>1080</height>
					<aspectratio aligny="top">stretch</aspectratio>
					<texture background="true" fallback="black.png">$VAR[PosterVar]</texture>
				</control>
			</control>
			<control type="group">
				<animation effect="slide" start="1242,0" end="0,0" delay="250" time="700" tween="quadratic">WindowOpen</animation>
				<animation effect="slide" end="1242,0" time="500" tween="quadratic">WindowClose</animation>
				<animation effect="slide" start="1242,0" end="0,0" time="500" tween="quadratic" condition="![Window.IsVisible(script-ExtendedInfo Script-DialogVideoInfo.xml) | Window.IsVisible(script-ExtendedInfo Script-DialogInfo.xml)]">Conditional</animation>
				<animation effect="slide" end="1242,0" time="500" tween="quadratic" condition="Window.IsVisible(script-ExtendedInfo Script-DialogVideoInfo.xml) | Window.IsVisible(script-ExtendedInfo Script-DialogInfo.xml)">Conditional</animation>
				<left>729</left>
				<control type="image">
					<width>1192</width>
					<height>1080</height>
					<texture background="true">black.png</texture>
				</control>
				<control type="image">
					<width>1192</width>
					<height>1080</height>
					<aspectratio align="center">scale</aspectratio>
					<texture background="true">$INFO[ListItem.Art(fanart)]</texture>
					<visible>!Skin.HasSetting(Enable.BlurredVideoInfo)</visible>
				</control>
				<control type="image">
					<width>1192</width>
					<height>1080</height>
					<aspectratio align="center">scale</aspectratio>
					<texture background="true">$INFO[Window(home).Property(VideoInfo.ImageFilter)]</texture>
					<fadetime>400</fadetime>
					<visible>Skin.HasSetting(Enable.BlurredVideoInfo)</visible>
				</control>
				<control type="image">
					<width>1192</width>
					<height>1080</height>
					<texture border="4" colordiffuse="8CE5E5E5">dialogs/info/info_rightpaneltop.png</texture>
					<visible>Skin.HasSetting(Enable.BlurredVideoInfo)</visible>
				</control>
				<control type="image">
					<width>1192</width>
					<height>1080</height>
					<texture border="4">dialogs/info/info_rightpaneltop.png</texture>
					<visible>!Skin.HasSetting(Enable.BlurredVideoInfo)</visible>
				</control>
				<control type="group">
					<left>40</left>
					<top>20</top>
					<width>1042</width>
					<height>854</height>
					<control type="grouplist">
						<top>-20</top>
						<width>1100</width>
						<height>110</height>
						<itemgap>0</itemgap>
						<align>center</align>
						<control type="label">
							<width>1100</width>
							<height>60</height>
							<aligny>center</aligny>
							<align>left</align>
							<font>font30_title_bold</font>
							<textcolor>grey</textcolor>
							<scroll>true</scroll>
							<label>$INFO[ListItem.Label]</label>
						</control>
						<control type="label">
							<width>1100</width>
							<height>30</height>
							<aligny>center</aligny>
							<align>left</align>
							<font>font15</font>
							<textcolor>labelheader</textcolor>
							<scroll>true</scroll>
							<label>$INFO[ListItem.Tagline]</label>
							<visible>!IsEmpty(ListItem.Tagline)</visible>
						</control>
						<control type="label">
							<width>1100</width>
							<height>30</height>
							<aligny>center</aligny>
							<align>left</align>
							<font>font15</font>
							<textcolor>labelheader</textcolor>
							<scroll>true</scroll>
							<label>$INFO[Window(Home).Property(NextAired.Status)]</label>
							<visible>Container.Content(tvshows) + !IsEmpty(Window(Home).Property(NextAired.Status))</visible>
						</control>
						<control type="label">
							<width>1100</width>
							<height>30</height>
							<aligny>center</aligny>
							<align>left</align>
							<font>font15</font>
							<textcolor>labelheader</textcolor>
							<scroll>true</scroll>
							<label>$INFO[ListItem.TvShowTitle]</label>
							<visible>Container.Content(episodes) + !IsEmpty(ListItem.TvShowTitle)</visible>
						</control>
						<control type="label">
							<width>1100</width>
							<height>30</height>
							<aligny>center</aligny>
							<align>left</align>
							<font>font15</font>
							<textcolor>labelheader</textcolor>
							<scroll>true</scroll>
							<label>$INFO[ListItem.Artist]</label>
							<visible>Container.Content(musicvideos) + !IsEmpty(ListItem.Artist)</visible>
						</control>
					</control>
					<control type="image">
						<left>-37</left>
						<top>36</top>
						<width>1188</width>
						<height>60</height>
						<texture border="1">separator2.png</texture>
					</control>
					<control type="image">
						<left>380</left>
						<top>105</top>
						<width>120</width>
						<height>68</height>
						<colordiffuse>grey</colordiffuse>
						<aspectratio>keep</aspectratio>
						<texture fallback="flags/colored/rating/NR.png">$VAR[ColoredRatingFlagVar]</texture>
						<include>MediaFlagVars</include>
						<visible>Skin.HasSetting(coloredflags) + !Skin.HasSetting(Enable.MPAAInfoRating)</visible>
					</control>
					<control type="image">
						<left>327</left>
						<top>105</top>
						<width>285</width>
						<height>67</height>
						<aspectratio align="center">keep</aspectratio>
						<texture fallback="flags/colored/rating/info/MPAA_NR_Certificate_US.png">$VAR[ColoredRatingInfoFlagVar]</texture>
						<include>MediaFlagVars</include>
						<visible>Skin.HasSetting(coloredflags) + Skin.HasSetting(Enable.MPAAInfoRating)</visible>
					</control>
					<control type="grouplist">
						<left>0</left>
						<top>95</top>
						<width>1188</width>
						<height>90</height>
						<itemgap>0</itemgap>
						<align>left</align>
						<orientation>horizontal</orientation>
						<control type="label">
							<width>140</width>
							<height>90</height>
							<align>left</align>
							<label>$INFO[ListItem.Year]</label>
							<font>font35_title_bold</font>
							<textcolor>grey</textcolor>
						</control>
						<control type="image">
							<width>2</width>
							<height>88</height>
							<texture border="1">separator3.png</texture>
						</control>
						<control type="group">
							<width>198</width>
							<visible>!Skin.HasSetting(coloredflags)</visible>
							<control type="image" id="800011">
								<colordiffuse>grey</colordiffuse>
								<width>198</width>
								<include>MediaFlagVars</include>
								<bordersize>2</bordersize>
								<texture>$INFO[ListItem.Studio,flags/studios/,.png]</texture>
							</control>
							<control type="label">
								<left>0</left>
								<width>198</width>
								<height>90</height>
								<align>center</align>
								<label>$INFO[ListItem.Studio]</label>
								<font>font10</font>
								<textcolor>grey</textcolor>
								<wrapmultiline>true</wrapmultiline>
								<visible>IsEmpty(Control.GetLabel(800011))</visible>
							</control>
						</control>
						<control type="group">
							<width>198</width>
							<visible>Skin.HasSetting(coloredflags)</visible>
							<control type="image" id="800012">
								<colordiffuse>grey</colordiffuse>
								<width>198</width>
								<include>MediaFlagVars</include>
								<bordersize>2</bordersize>
								<texture>$INFO[ListItem.Studio,flags/colored/studios/,.png]</texture>
							</control>
							<control type="label">
								<left>0</left>
								<width>198</width>
								<height>90</height>
								<align>center</align>
								<label>$INFO[ListItem.Studio]</label>
								<font>font10</font>
								<textcolor>grey</textcolor>
								<wrapmultiline>true</wrapmultiline>
								<visible>IsEmpty(Control.GetLabel(800012))</visible>
							</control>
						</control>
						<control type="image">
							<width>2</width>
							<height>88</height>
							<texture border="1">separator3.png</texture>
						</control>
						<control type="image">
							<width>198</width>
							<colordiffuse>grey</colordiffuse>
							<include>MediaFlagVars</include>
							<texture fallback="flags/mpaa/NR.png">$VAR[RatingFlagVar]</texture>
							<visible>!Skin.HasSetting(coloredflags)</visible>
						</control>
						<control type="label">
							<width>198</width>
							<include>HiddenObject</include>
							<visible>Skin.HasSetting(coloredflags) + !Skin.HasSetting(Enable.MPAAInfoRating)</visible>
						</control>
						<control type="label">
							<width>255</width>
							<include>HiddenObject</include>
							<visible>Skin.HasSetting(coloredflags) + Skin.HasSetting(Enable.MPAAInfoRating)</visible>
						</control>
						<control type="image">
							<width>2</width>
							<height>88</height>
							<texture border="1">separator3.png</texture>
							<visible>![Container.Content(tvshows) + Skin.HasSetting(Disable.NextAired)]</visible>
						</control>
						<control type="group">
							<width>160</width>
							<visible>![Container.Content(tvshows) + Skin.HasSetting(Disable.NextAired)]</visible>
							<control type="label">
								<left>0</left>
								<top>2</top>
								<width>160</width>
								<height>60</height>
								<align>center</align>
								<label>$VAR[DurationVar]</label>
								<font>font48_bold</font>
								<textcolor>grey</textcolor>
								<visible>!Skin.HasSetting(Enable.HourMinuteDuration) | Container.Content(tvshows)</visible>
							</control>
							<control type="label">
								<left>0</left>
								<top>12</top>
								<width>160</width>
								<height>60</height>
								<align>center</align>
								<label>$VAR[ListItemDurationVar]</label>
								<font>font48_bold</font>
								<textcolor>grey</textcolor>
								<visible>Skin.HasSetting(Enable.HourMinuteDuration) + [Container.Content(movies) | Container.Content(episodes)]</visible>
							</control>
							<control type="label">
								<top>52</top>
								<width>160</width>
								<height>30</height>
								<align>center</align>
								<label>[LOWERCASE]$LOCALIZE[12391][/LOWERCASE]</label>
								<font>font12</font>
								<textcolor>grey</textcolor>
								<visible>!Skin.HasSetting(Enable.HourMinuteDuration) | Container.Content(tvshows)</visible>
							</control>
						</control>
						<control type="image">
							<width>2</width>
							<height>88</height>
							<texture border="1">separator3.png</texture>
						</control>
						<control type="group">
							<visible>!IsEmpty(ListItem.Rating)</visible>
							<width>200</width>
							<control type="label">
								<left>0</left>
								<top>2</top>
								<width>200</width>
								<height>60</height>
								<align>center</align>
								<label>$INFO[ListItem.Rating]</label>
								<font>font48_bold</font>
								<textcolor>grey</textcolor>
							</control>
							<control type="label">
								<top>52</top>
								<width>200</width>
								<height>30</height>
								<align>center</align>
								<label>[LOWERCASE]$VAR[RatingAndVotesVar][/LOWERCASE]</label>
								<font>font12</font>
								<textcolor>grey</textcolor>
							</control>
						</control>
						<control type="image">
							<width>2</width>
							<height>88</height>
							<texture border="1">separator3.png</texture>
							<visible>!IsEmpty(ListItem.Rating)</visible>
						</control>
						<control type="group">
							<visible>!IsEmpty(ListItem.Top250)</visible>
							<width>200</width>
							<control type="label">
								<left>0</left>
								<top>2</top>
								<width>200</width>
								<height>60</height>
								<align>center</align>
								<label>$INFO[ListItem.Top250,#]</label>
								<font>font48_bold</font>
								<wrapmultiline>true</wrapmultiline>
								<textcolor>grey</textcolor>
							</control>
							<control type="label">
								<top>52</top>
								<width>200</width>
								<height>30</height>
								<align>center</align>
								<label>[LOWERCASE]$LOCALIZE[13409][/LOWERCASE]</label>
								<font>font12</font>
								<textcolor>grey</textcolor>
							</control>
						</control>
						<control type="image">
							<width>2</width>
							<height>88</height>
							<texture border="1">separator3.png</texture>
							<visible>!IsEmpty(ListItem.Top250)</visible>
						</control>
					</control>
					<control type="image">
						<left>-37</left>
						<top>124</top>
						<width>1188</width>
						<height>60</height>
						<texture border="1">separator2.png</texture>
					</control>
					<control type="panel" id="300">
						<left>-36</left>
						<top>184</top>
						<width>1188</width>
						<height>306</height>
						<onup>4002</onup>
						<ondown>9000</ondown>
						<orientation>horizontal</orientation>
						<scrolltime tween="quadratic" easing="out">200</scrolltime>
						<itemlayout height="102" width="594">
							<control type="image">
								<top>42</top>
								<width>594</width>
								<height>60</height>
								<texture border="1">separator2.png</texture>
							</control>
							<control type="label">
								<top>50</top>
								<width>594</width>
								<height>40</height>
								<font>font15</font>
								<textcolor>grey</textcolor>
								<selectedcolor>selected</selectedcolor>
								<label>$INFO[ListItem.Label]</label>
								<textoffsetx>36</textoffsetx>
							</control>
							<control type="label">
								<top>5</top>
								<width>594</width>
								<height>40</height>
								<font>font15</font>
								<textcolor>labelheader</textcolor>
								<selectedcolor>selected</selectedcolor>
								<label>$INFO[ListItem.Label2]</label>
								<textoffsetx>36</textoffsetx>
							</control>
						</itemlayout>
						<focusedlayout height="102" width="594">
							<control type="image">
								<top>42</top>
								<width>594</width>
								<height>60</height>
								<texture border="1">separator2.png</texture>
							</control>
							<control type="image">
								<top>1</top>
								<width>594</width>
								<height>97</height>
								<texture border="4">listselect_fo.png</texture>
								<visible>Control.HasFocus(300)</visible>
								<include>VisibleFadeEffect</include>
							</control>
							<control type="label">
								<top>50</top>
								<width>594</width>
								<height>40</height>
								<font>font15</font>
								<textcolor>white</textcolor>
								<selectedcolor>selected</selectedcolor>
								<label>$INFO[ListItem.Label]</label>
								<animation effect="fade" start="100" end="70" time="300" tween="sine" easing="inout" condition="!Control.HasFocus(300)">Conditional</animation>
								<textoffsetx>36</textoffsetx>
							</control>
							<control type="label">
								<top>5</top>
								<width>594</width>
								<height>40</height>
								<font>font15</font>
								<textcolor>white</textcolor>
								<selectedcolor>selected</selectedcolor>
								<label>$INFO[ListItem.Label2]</label>
								<animation effect="fade" start="100" end="70" time="300" tween="sine" easing="inout" condition="!Control.HasFocus(300)">Conditional</animation>
								<textoffsetx>36</textoffsetx>
							</control>
						</focusedlayout>
						<content>
							<item>
								<label>$INFO[ListItem.OriginalTitle]</label>
								<label2>$LOCALIZE[20376]:</label2>
								<onclick>noop</onclick>
								<visible>!IsEmpty(ListItem.OriginalTitle) + !StringCompare(ListItem.OriginalTitle,ListItem.Title)</visible>
							</item>
							<item>
								<label>$INFO[ListItem.Director]</label>
								<label2>$LOCALIZE[20339]:</label2>
								<onclick>SendClick(2003,13)</onclick>
								<visible>!IsEmpty(ListItem.Director)</visible>
							</item>
							<item>
								<label>$INFO[ListItem.Writer]</label>
								<label2>$LOCALIZE[20417]:</label2>
								<onclick>noop</onclick>
								<visible>!IsEmpty(ListItem.Writer)</visible>
							</item>
							<item>
								<label>$INFO[Window(Home).Property(NextAired.NextNumber),, - ]$INFO[Window(Home).Property(NextAired.NextTitle)]</label>
								<label2>$LOCALIZE[31010]:</label2>
								<onclick>noop</onclick>
								<visible>Container.Content(tvshows) + !IsEmpty(Window(Home).Property(NextAired.NextDate))</visible>
							</item>
							<item>
								<label>$INFO[Window(Home).Property(NextAired.LatestNumber),, - ]$INFO[Window(Home).Property(NextAired.LatestTitle)]</label>
								<label2>$LOCALIZE[31011]:</label2>
								<onclick>noop</onclick>
								<visible>Container.Content(tvshows) + !IsEmpty(Window(Home).Property(NextAired.LatestDate)) + IsEmpty(Window(Home).Property(NextAired.NextDate))</visible>
							</item>
							<item>
								<label>$INFO[Window(Home).Property(NextAired.NextDate),, | ]$INFO[Window(Home).Property(NextAired.AirTime)]</label>
								<label2>$LOCALIZE[31012]:</label2>
								<onclick>noop</onclick>
								<visible>Container.Content(tvshows) + !IsEmpty(Window(Home).Property(NextAired.NextDate))</visible>
							</item>
							<item>
								<label>$INFO[ListItem.Genre]</label>
								<label2>$LOCALIZE[515]:</label2>
								<onclick>noop</onclick>
								<visible>!IsEmpty(ListItem.Genre)</visible>
							</item>
							<item>
								<label>$INFO[ListItem.Premiered]</label>
								<label2>$LOCALIZE[20416]:</label2>
								<onclick>noop</onclick>
								<visible>!IsEmpty(ListItem.Premiered)</visible>
							</item>
							<item>
								<label>$INFO[ListItem.Country]</label>
								<label2>$LOCALIZE[574]:</label2>
								<onclick>noop</onclick>
								<visible>!IsEmpty(ListItem.Country)</visible>
							</item>
							<item>
								<label>$INFO[Window(Home).Property(NextAired.Country)]</label>
								<label2>$LOCALIZE[574]:</label2>
								<onclick>noop</onclick>
								<visible>Container.Content(tvshows) + !IsEmpty(Window(Home).Property(NextAired.Country))</visible>
							</item>
							<item>
								<label>$INFO[ListItem.DateAdded]</label>
								<label2>$LOCALIZE[570]:</label2>
								<onclick>noop</onclick>
								<visible>!IsEmpty(ListItem.DateAdded)</visible>
							</item>
							<item>
								<label>$INFO[ListItem.PlayCount]</label>
								<label2>$LOCALIZE[567]:</label2>
								<onclick>noop</onclick>
								<visible>!IsEmpty(ListItem.PlayCount)</visible>
							</item>
							<item>
								<label>$INFO[ListItem.Path]</label>
								<label2>$LOCALIZE[573]:</label2>
								<onclick>Dialog.Close(movieinformation)</onclick>
								<onclick>ActivateWindow(Videos,$INFO[ListItem.Path],return)</onclick>
							</item>
							<item>
								<label>$INFO[ListItem.Filename]</label>
								<label2>$LOCALIZE[21800]:</label2>
								<onclick>noop</onclick>
								<visible>!IsEmpty(ListItem.Filename)</visible>
							</item>
							<item>
								<label>$INFO[ListItem.PercentPlayed,,%]</label>
								<label2 fallback="-">$LOCALIZE[575]:</label2>
								<onclick>noop</onclick>
								<visible>ListItem.IsResumable</visible>
							</item>
							<item>
								<label>$INFO[ListItem.LastPlayed]</label>
								<label2 fallback="-">$LOCALIZE[568]:</label2>
								<onclick>noop</onclick>
								<visible>!IsEmpty(ListItem.LastPlayed)</visible>
							</item>
							<item>
								<label>[UPPERCASE]$INFO[Window.Property(AudioLanguage)][/UPPERCASE]</label>
								<label2>$LOCALIZE[21447]:</label2>
								<onclick>noop</onclick>
								<visible>!IsEmpty(Window.Property(AudioLanguage.1))</visible>
							</item>
							<item>
								<label>[UPPERCASE]$INFO[Window.Property(SubtitleLanguage)][/UPPERCASE]</label>
								<label2>$LOCALIZE[21448]:</label2>
								<onclick>noop</onclick>
								<visible>!IsEmpty(Window.Property(SubtitleLanguage.1))</visible>
							</item>
						</content>
					</control>
					<control type="group">
						<left>-37</left>
						<top>970</top>
						<visible>!ControlGroup(9001).HasFocus</visible>
						<control type="image">
							<top>-90</top>
							<width>1188</width>
							<height>60</height>
							<texture border="1">separator2.png</texture>
						</control>
						<control type="grouplist">
							<left>0</left>
							<top>-30</top>
							<width>1188</width>
							<height>90</height>
							<align>left</align>
							<aligny>center</aligny>
							<itemgap>0</itemgap>
							<orientation>horizontal</orientation>
							<control type="image">
								<width>198</width>
								<colordiffuse>grey</colordiffuse>
								<include>MediaFlagVars</include>
								<texture>$VAR[PathFlagsResolution]</texture>
								<visible>!IsEmpty(ListItem.VideoResolution)</visible>
							</control>
							<control type="image">
								<width>2</width>
								<height>90</height>
								<texture border="1">separator3.png</texture>
							</control>
							<control type="image">
								<width>198</width>
								<colordiffuse>grey</colordiffuse>
								<include>MediaFlagVars</include>
								<texture>$VAR[SourceFlagVar,flags/video/,.png]</texture>
								<visible>!Skin.HasSetting(coloredflags) + !IsEmpty(ListItem.VideoCodec)</visible>
							</control>
							<control type="image">
								<width>198</width>
								<colordiffuse>grey</colordiffuse>
								<include>MediaFlagVars</include>
								<texture>$VAR[SourceFlagVar,flags/colored/source/,.png]</texture>
								<visible>Skin.HasSetting(coloredflags) + !IsEmpty(ListItem.VideoCodec)</visible>
							</control>
							<control type="image">
								<width>2</width>
								<height>90</height>
								<texture border="1">separator3.png</texture>
							</control>
							<control type="image">
								<width>198</width>
								<colordiffuse>grey</colordiffuse>
								<include>MediaFlagVars</include>
								<texture>$VAR[PathFlagsAspect]</texture>
							</control>
							<control type="group">
								<visible>Container.Content(tvshows) + !IsEmpty(ListItem.Property(TotalSeasons))</visible>
								<width>200</width>
								<control type="label">
									<left>0</left>
									<top>2</top>
									<width>200</width>
									<height>60</height>
									<align>center</align>
									<label>$INFO[ListItem.Property(TotalSeasons)]</label>
									<font>font48_bold</font>
									<wrapmultiline>true</wrapmultiline>
									<textcolor>grey</textcolor>
								</control>
								<control type="label">
									<top>52</top>
									<width>200</width>
									<height>30</height>
									<align>center</align>
									<label>[LOWERCASE]$VAR[OneOrMoreSeasonsVar][/LOWERCASE]</label>
									<font>font12</font>
									<textcolor>grey</textcolor>
								</control>
							</control>
							<control type="image">
								<width>2</width>
								<height>90</height>
								<texture border="1">separator3.png</texture>
							</control>
							<control type="image">
								<width>198</width>
								<colordiffuse>grey</colordiffuse>
								<include>MediaFlagVars</include>
								<texture>$VAR[PathFlagsAudio]</texture>
								<visible>!IsEmpty(ListItem.AudioCodec)</visible>
							</control>
							<control type="group">
								<visible>Container.Content(tvshows) + !IsEmpty(ListItem.Property(TotalEpisodes))</visible>
								<width>200</width>
								<control type="label">
									<left>0</left>
									<top>2</top>
									<width>200</width>
									<height>60</height>
									<align>center</align>
									<label>$INFO[ListItem.Property(TotalEpisodes)]</label>
									<font>font48_bold</font>
									<wrapmultiline>true</wrapmultiline>
									<textcolor>grey</textcolor>
								</control>
								<control type="label">
									<top>52</top>
									<width>200</width>
									<height>30</height>
									<align>center</align>
									<label>[LOWERCASE]$VAR[OneOrMoreEpisodesVar][/LOWERCASE]</label>
									<font>font12</font>
									<textcolor>grey</textcolor>
								</control>
							</control>
							<control type="image">
								<width>2</width>
								<height>90</height>
								<texture border="1">separator3.png</texture>
							</control>
							<control type="image">
								<width>198</width>
								<colordiffuse>grey</colordiffuse>
								<include>MediaFlagVars</include>
								<texture>$VAR[PathFlagsAudioChannels]</texture>
								<visible>!IsEmpty(ListItem.AudioChannels)</visible>
							</control>
							<control type="group">
								<visible>Container.Content(tvshows) + !IsEmpty(ListItem.Property(UnWatchedEpisodes))</visible>
								<width>200</width>
								<control type="label">
									<left>0</left>
									<top>2</top>
									<width>200</width>
									<height>60</height>
									<align>center</align>
									<label>$INFO[ListItem.Property(UnWatchedEpisodes)]</label>
									<font>font48_bold</font>
									<wrapmultiline>true</wrapmultiline>
									<textcolor>grey</textcolor>
								</control>
								<control type="label">
									<top>52</top>
									<width>200</width>
									<height>30</height>
									<align>center</align>
									<label>[LOWERCASE]$LOCALIZE[16101][/LOWERCASE]</label>
									<font>font12</font>
									<textcolor>grey</textcolor>
								</control>
							</control>
							<control type="image">
								<width>2</width>
								<height>90</height>
								<texture border="1">separator3.png</texture>
							</control>
							<control type="image">
								<width>198</width>
								<colordiffuse>grey</colordiffuse>
								<include>MediaFlagVars</include>
								<texture>$VAR[PathFlagsCC]</texture>
								<visible>!IsEmpty(ListItem.SubtitleLanguage)</visible>
							</control>
						</control>
						<control type="image">
							<top>90</top>
							<width>1188</width>
							<height>2</height>
							<texture border="1">separator2.png</texture>
						</control>
					</control>
					<control type="label">
						<left>5</left>
						<top>1040</top>
						<width>1120</width>
						<label fallback="$LOCALIZE[31163]">$INFO[ListItem.MPAA]</label>
						<font>font12</font>
						<textcolor>grey</textcolor>
						<scroll>true</scroll>
						<visible>Skin.HasSetting(Enable.ExtendedMPAA) + Container.Content(movies) + !ControlGroup(9001).HasFocus</visible>
					</control>
					<control type="panel" id="50">
						<left>-36</left>
						<top>550</top>
						<width>1190</width>
						<height>420</height>
						<viewtype label="">list</viewtype>
						<pagecontrol>61</pagecontrol>
						<scrolltime tween="quadratic" easing="out">300</scrolltime>
						<orientation>horizontal</orientation>
						<animation effect="fade" end="0" condition="true">Conditional</animation>
						<itemlayout height="420" width="280">
							<control type="image">
								<width>280</width>
								<height>420</height>
								<aspectratio aligny="top">scale</aspectratio>
								<texture background="true">$INFO[ListItem.Icon]</texture>
							</control>
							<control type="image">
								<top>-200</top>
								<width>280</width>
								<height>620</height>
								<texture>thumbs/poster_black.png</texture>
							</control>
							<control type="label">
								<left>10</left>
								<top>368</top>
								<width>260</width>
								<height>43</height>
								<align>center</align>
								<font>font14</font>
								<textcolor>white2</textcolor>
								<shadowcolor>shadow</shadowcolor>
								<selectedcolor>selected</selectedcolor>
								<label>$INFO[ListItem.Label]</label>
							</control>
						</itemlayout>
						<focusedlayout height="420" width="280">
							<control type="group">
								<animation type="Focus" reversible="false">
									<effect type="zoom" start="95" end="100" time="300" tween="sine" easing="inout" center="auto" />
									<effect type="fade" start="80" end="100" time="300" />
								</animation>
								<control type="image">
									<width>280</width>
									<height>420</height>
									<aspectratio aligny="top">scale</aspectratio>
									<texture background="true">$INFO[ListItem.Icon]</texture>
								</control>
								<control type="image">
									<top>-200</top>
									<width>280</width>
									<height>620</height>
									<texture>thumbs/poster_black.png</texture>
								</control>
								<control type="label">
									<left>10</left>
									<top>368</top>
									<width>260</width>
									<height>43</height>
									<align>center</align>
									<font>font14</font>
									<textcolor>selected</textcolor>
									<shadowcolor>shadow</shadowcolor>
									<label>$INFO[ListItem.Label]</label>
									<animation effect="fade" start="100" end="40" time="300" tween="sine" easing="inout" condition="!Control.HasFocus(50)">Conditional</animation>
								</control>
							</control>
						</focusedlayout>
					</control>
					<control type="grouplist" id="9001">
						<left>-36</left>
						<top>550</top>
						<width>2800</width>
						<height>420</height>
						<onup>9000</onup>
						<ondown>noop</ondown>
						<pagecontrol>70</pagecontrol>
						<scrolltime tween="quadratic" easing="out">300</scrolltime>
						<control type="group" id="90017">
							<left>0</left>
							<top>0</top>
							<width>1190</width>
							<height>420</height>
							<control type="button" id="900171">
								<description>FS Plot</description>
								<texturenofocus />
								<width>1186</width>
								<height>420</height>
								<label />
								<onup>9000</onup>
								<ondown>90010</ondown>
								<include>ButtonInfoDialogsCommonValues</include>
								<onclick condition="Skin.HasSetting(VideoInfoPlotToggle) + !IsEmpty(ListItem.PlotOutline)">RunScript(script.toolbox,info=textviewer,header='"$INFO[ListItem.Label,[B],[/B]]"',text='"$INFO[ListItem.Tagline,[I],[/I]"'[CR][CR]]"'$INFO[ListItem.PlotOutline]"')</onclick>
								<onclick condition="!Skin.HasSetting(VideoInfoPlotToggle) | IsEmpty(ListItem.PlotOutline)">RunScript(script.toolbox,info=textviewer,header='"$INFO[ListItem.Label,[B],[/B]]"',text='"$INFO[ListItem.Tagline,[I],[/I]"'[CR][CR]]"'$INFO[ListItem.Plot]"')</onclick>
							</control>
							<control type="textbox" id="4">
								<description>Plot</description>
								<include>HiddenObject</include>
							</control>
							<control type="textbox" id="400">
								<description>Plot</description>
								<left>36</left>
								<top>20</top>
								<width>788</width>
								<height>345</height>
								<font>font15_textbox</font>
								<align>left</align>
								<label>$VAR[VideoInfoPlotVar]</label>
								<textcolor>white</textcolor>
								<pagecontrol>-</pagecontrol>
								<autoscroll time="3000" delay="4000" repeat="5000">Skin.HasSetting(Enable.AutoScroll) + !Control.HasFocus(900171)</autoscroll>
								<animation effect="fade" start="0" end="100" time="500" tween="sine" easing="inout">VisibleChange</animation>
								<animation effect="fade" start="100" end="78" time="300" tween="sine" easing="inout" condition="!Control.HasFocus(900171)">Conditional</animation>
								<visible>Skin.HasSetting(discartoninfo) + !IsEmpty(ListItem.Art(discart))</visible>
							</control>
							<control type="textbox" id="401">
								<description>Plot</description>
								<left>36</left>
								<top>20</top>
								<width>1132</width>
								<height>345</height>
								<font>font15_textbox</font>
								<align>left</align>
								<label>$VAR[VideoInfoPlotVar]</label>
								<textcolor>white</textcolor>
								<pagecontrol>-</pagecontrol>
								<autoscroll time="3000" delay="4000" repeat="5000">Skin.HasSetting(Enable.AutoScroll) + !Control.HasFocus(900171)</autoscroll>
								<animation effect="fade" start="100" end="78" time="300" tween="sine" easing="inout" condition="!Control.HasFocus(900171)">Conditional</animation>
								<visible>!Skin.HasSetting(discartoninfo) | IsEmpty(ListItem.Art(discart))</visible>
							</control>
							<control type="image">
								<left>1540</left>
								<top>50</top>
								<width>320</width>
								<height>320</height>
								<texture background="true">$INFO[ListItem.Art(discart)]</texture>
								<animation type="WindowOpen" reversible="false">
									<effect type="slide" start="0,0" end="-700,0" delay="400" time="2000" tween="quadratic" easing="out" />
									<effect type="rotate" start="0" center="auto" end="-360" delay="1100" time="1500" tween="quadratic" easing="out" />
								</animation>
								<!-- <animation type="Conditional" reversible="false" condition="true" loop="true">
								<effect type="rotate" end="-360" center="auto" time="5000" delay="5000" tween="cubic" easing="inout" />
								</animation> -->
								<visible>Skin.HasSetting(discartoninfo)</visible>
							</control>
						</control>
						<control type="panel" id="90010">
							<left>-36</left>
							<top>550</top>
							<width>1190</width>
							<height>420</height>
							<viewtype label="">list</viewtype>
							<pagecontrol>61</pagecontrol>
							<scrolltime tween="quadratic" easing="out">300</scrolltime>
							<orientation>horizontal</orientation>
							<itemlayout height="420" width="280">
								<control type="image">
									<width>280</width>
									<height>420</height>
									<aspectratio aligny="top">scale</aspectratio>
									<texture background="true">$INFO[ListItem.Icon]</texture>
								</control>
								<control type="image">
									<top>-200</top>
									<width>280</width>
									<height>620</height>
									<texture>thumbs/poster_black.png</texture>
								</control>
								<control type="label">
									<left>10</left>
									<top>325</top>
									<width>260</width>
									<height>43</height>
									<align>center</align>
									<font>font14</font>
									<textcolor>white2</textcolor>
									<shadowcolor>shadow</shadowcolor>
									<selectedcolor>selected</selectedcolor>
									<label>$INFO[ListItem.Label]</label>
								</control>
								<control type="label">
									<left>10</left>
									<top>368</top>
									<width>260</width>
									<height>43</height>
									<align>center</align>
									<font>font14</font>
									<textcolor>white2</textcolor>
									<shadowcolor>shadow</shadowcolor>
									<selectedcolor>selected</selectedcolor>
									<label>$INFO[ListItem.Label2]</label>
								</control>
							</itemlayout>
							<focusedlayout height="420" width="280">
								<control type="group">
									<animation type="Focus" reversible="false">
										<effect type="zoom" start="95" end="100" time="300" tween="sine" easing="inout" center="auto" />
										<effect type="fade" start="80" end="100" time="300" />
									</animation>
									<control type="image">
										<width>280</width>
										<height>420</height>
										<aspectratio aligny="top">scale</aspectratio>
										<texture background="true">$INFO[ListItem.Icon]</texture>
									</control>
									<control type="image">
										<top>-200</top>
										<width>280</width>
										<height>620</height>
										<texture>thumbs/poster_black.png</texture>
									</control>
									<control type="label">
										<left>10</left>
										<top>325</top>
										<width>260</width>
										<height>43</height>
										<align>center</align>
										<font>font14</font>
										<textcolor>selected</textcolor>
										<shadowcolor>shadow</shadowcolor>
										<label>$INFO[ListItem.Label]</label>
										<animation effect="fade" start="100" end="40" time="300" tween="sine" easing="inout" condition="!Control.HasFocus(90010)">Conditional</animation>
									</control>
									<control type="label">
										<left>10</left>
										<top>368</top>
										<width>260</width>
										<height>43</height>
										<align>center</align>
										<font>font14</font>
										<textcolor>selected</textcolor>
										<shadowcolor>shadow</shadowcolor>
										<label>$INFO[ListItem.Label2]</label>
										<animation effect="fade" start="100" end="40" time="300" tween="sine" easing="inout" condition="!Control.HasFocus(90010)">Conditional</animation>
									</control>
								</control>
							</focusedlayout>
							<content>
								<item>
									<label>$INFO[Container(50).ListItem(0).Label]</label>
									<label2>$INFO[Container(50).ListItem(0).Label2]</label2>
									<thumb>$INFO[Container(50).ListItem(0).Thumb]</thumb>
									<visible>!IsEmpty(Container(50).ListItemNoWrap(0).Label)</visible>
									<onclick>RunScript(script.extendedinfo,info=extendedactorinfo,name=$INFO[Container(50).Listitem(0).Label])</onclick>
								</item>
								<item>
									<label>$INFO[Container(50).ListItem(1).Label]</label>
									<label2>$INFO[Container(50).ListItem(1).Label2]</label2>
									<thumb>$INFO[Container(50).ListItem(1).Thumb]</thumb>
									<visible>!IsEmpty(Container(50).ListItemNoWrap(1).Label)</visible>
									<onclick>RunScript(script.extendedinfo,info=extendedactorinfo,name=$INFO[Container(50).Listitem(1).Label])</onclick>
								</item>
								<item>
									<label>$INFO[Container(50).ListItem(2).Label]</label>
									<label2>$INFO[Container(50).ListItem(2).Label2]</label2>
									<thumb>$INFO[Container(50).ListItem(2).Thumb]</thumb>
									<visible>!IsEmpty(Container(50).ListItemNoWrap(2).Label)</visible>
									<onclick>RunScript(script.extendedinfo,info=extendedactorinfo,name=$INFO[Container(50).Listitem(2).Label])</onclick>
								</item>
								<item>
									<label>$INFO[Container(50).ListItem(3).Label]</label>
									<label2>$INFO[Container(50).ListItem(3).Label2]</label2>
									<thumb>$INFO[Container(50).ListItem(3).Thumb]</thumb>
									<visible>!IsEmpty(Container(50).ListItemNoWrap(3).Label)</visible>
									<onclick>RunScript(script.extendedinfo,info=extendedactorinfo,name=$INFO[Container(50).Listitem(3).Label])</onclick>
								</item>
								<item>
									<label>$INFO[Container(50).ListItem(4).Label]</label>
									<label2>$INFO[Container(50).ListItem(4).Label2]</label2>
									<thumb>$INFO[Container(50).ListItem(4).Thumb]</thumb>
									<visible>!IsEmpty(Container(50).ListItemNoWrap(4).Label)</visible>
									<onclick>RunScript(script.extendedinfo,info=extendedactorinfo,name=$INFO[Container(50).Listitem(4).Label])</onclick>
								</item>
								<item>
									<label>$INFO[Container(50).ListItem(5).Label]</label>
									<label2>$INFO[Container(50).ListItem(5).Label2]</label2>
									<thumb>$INFO[Container(50).ListItem(5).Thumb]</thumb>
									<visible>!IsEmpty(Container(50).ListItemNoWrap(5).Label)</visible>
									<onclick>RunScript(script.extendedinfo,info=extendedactorinfo,name=$INFO[Container(50).Listitem(5).Label])</onclick>
								</item>
								<item>
									<label>$INFO[Container(50).ListItem(6).Label]</label>
									<label2>$INFO[Container(50).ListItem(6).Label2]</label2>
									<thumb>$INFO[Container(50).ListItem(6).Thumb]</thumb>
									<visible>!IsEmpty(Container(50).ListItemNoWrap(6).Label)</visible>
									<onclick>RunScript(script.extendedinfo,info=extendedactorinfo,name=$INFO[Container(50).Listitem(6).Label])</onclick>
								</item>
								<item>
									<label>$INFO[Container(50).ListItem(7).Label]</label>
									<label2>$INFO[Container(50).ListItem(7).Label2]</label2>
									<thumb>$INFO[Container(50).ListItem(7).Thumb]</thumb>
									<visible>!IsEmpty(Container(50).ListItemNoWrap(7).Label)</visible>
									<onclick>RunScript(script.extendedinfo,info=extendedactorinfo,name=$INFO[Container(50).Listitem(7).Label])</onclick>
								</item>
								<item>
									<label>$INFO[Container(50).ListItem(8).Label]</label>
									<label2>$INFO[Container(50).ListItem(8).Label2]</label2>
									<thumb>$INFO[Container(50).ListItem(8).Thumb]</thumb>
									<visible>!IsEmpty(Container(50).ListItemNoWrap(8).Label)</visible>
									<onclick>RunScript(script.extendedinfo,info=extendedactorinfo,name=$INFO[Container(50).Listitem(8).Label])</onclick>
								</item>
								<item>
									<label>$INFO[Container(50).ListItem(9).Label]</label>
									<label2>$INFO[Container(50).ListItem(9).Label2]</label2>
									<thumb>$INFO[Container(50).ListItem(9).Thumb]</thumb>
									<visible>!IsEmpty(Container(50).ListItemNoWrap(9).Label)</visible>
									<onclick>RunScript(script.extendedinfo,info=extendedactorinfo,name=$INFO[Container(50).Listitem(9).Label])</onclick>
								</item>
								<item>
									<label>$INFO[Container(50).ListItem(10).Label]</label>
									<label2>$INFO[Container(50).ListItem(10).Label2]</label2>
									<thumb>$INFO[Container(50).ListItem(10).Thumb]</thumb>
									<visible>!IsEmpty(Container(50).ListItemNoWrap(10).Label)</visible>
									<onclick>RunScript(script.extendedinfo,info=extendedactorinfo,name=$INFO[Container(50).Listitem(10).Label])</onclick>
								</item>
								<item>
									<label>$INFO[Container(50).ListItem(11).Label]</label>
									<label2>$INFO[Container(50).ListItem(11).Label2]</label2>
									<thumb>$INFO[Container(50).ListItem(11).Thumb]</thumb>
									<visible>!IsEmpty(Container(50).ListItemNoWrap(11).Label)</visible>
									<onclick>RunScript(script.extendedinfo,info=extendedactorinfo,name=$INFO[Container(50).Listitem(11).Label])</onclick>
								</item>
								<item>
									<label>$INFO[Container(50).ListItem(12).Label]</label>
									<label2>$INFO[Container(50).ListItem(12).Label2]</label2>
									<thumb>$INFO[Container(50).ListItem(12).Thumb]</thumb>
									<visible>!IsEmpty(Container(50).ListItemNoWrap(12).Label)</visible>
									<onclick>RunScript(script.extendedinfo,info=extendedactorinfo,name=$INFO[Container(50).Listitem(12).Label])</onclick>
								</item>
								<item>
									<label>$INFO[Container(50).ListItem(13).Label]</label>
									<label2>$INFO[Container(50).ListItem(13).Label2]</label2>
									<thumb>$INFO[Container(50).ListItem(13).Thumb]</thumb>
									<visible>!IsEmpty(Container(50).ListItemNoWrap(13).Label)</visible>
									<onclick>RunScript(script.extendedinfo,info=extendedactorinfo,name=$INFO[Container(50).Listitem(13).Label])</onclick>
								</item>
								<item>
									<label>$INFO[Container(50).ListItem(14).Label]</label>
									<label2>$INFO[Container(50).ListItem(14).Label2]</label2>
									<thumb>$INFO[Container(50).ListItem(14).Thumb]</thumb>
									<visible>!IsEmpty(Container(50).ListItemNoWrap(14).Label)</visible>
									<onclick>RunScript(script.extendedinfo,info=extendedactorinfo,name=$INFO[Container(50).Listitem(14).Label])</onclick>
								</item>
								<item>
									<label>$INFO[Container(50).ListItem(15).Label]</label>
									<label2>$INFO[Container(50).ListItem(15).Label2]</label2>
									<thumb>$INFO[Container(50).ListItem(15).Thumb]</thumb>
									<visible>!IsEmpty(Container(50).ListItemNoWrap(15).Label)</visible>
									<onclick>RunScript(script.extendedinfo,info=extendedactorinfo,name=$INFO[Container(50).Listitem(15).Label])</onclick>
								</item>
								<item>
									<label>$INFO[Container(50).ListItem(16).Label]</label>
									<label2>$INFO[Container(50).ListItem(16).Label2]</label2>
									<thumb>$INFO[Container(50).ListItem(16).Thumb]</thumb>
									<visible>!IsEmpty(Container(50).ListItemNoWrap(16).Label)</visible>
									<onclick>RunScript(script.extendedinfo,info=extendedactorinfo,name=$INFO[Container(50).Listitem(16).Label])</onclick>
								</item>
								<item>
									<label>$INFO[Container(50).ListItem(17).Label]</label>
									<label2>$INFO[Container(50).ListItem(17).Label2]</label2>
									<thumb>$INFO[Container(50).ListItem(17).Thumb]</thumb>
									<visible>!IsEmpty(Container(50).ListItemNoWrap(17).Label)</visible>
									<onclick>RunScript(script.extendedinfo,info=extendedactorinfo,name=$INFO[Container(50).Listitem(17).Label])</onclick>
								</item>
								<item>
									<label>$INFO[Container(50).ListItem(18).Label]</label>
									<label2>$INFO[Container(50).ListItem(18).Label2]</label2>
									<thumb>$INFO[Container(50).ListItem(18).Thumb]</thumb>
									<visible>!IsEmpty(Container(50).ListItemNoWrap(18).Label)</visible>
									<onclick>RunScript(script.extendedinfo,info=extendedactorinfo,name=$INFO[Container(50).Listitem(18).Label])</onclick>
								</item>
								<item>
									<label>$INFO[Container(50).ListItem(19).Label]</label>
									<label2>$INFO[Container(50).ListItem(19).Label2]</label2>
									<thumb>$INFO[Container(50).ListItem(19).Thumb]</thumb>
									<visible>!IsEmpty(Container(50).ListItemNoWrap(19).Label)</visible>
									<onclick>RunScript(script.extendedinfo,info=extendedactorinfo,name=$INFO[Container(50).Listitem(19).Label])</onclick>
								</item>
								<item>
									<label>$INFO[Container(50).ListItem(20).Label]</label>
									<label2>$INFO[Container(50).ListItem(20).Label2]</label2>
									<thumb>$INFO[Container(50).ListItem(20).Thumb]</thumb>
									<visible>!IsEmpty(Container(50).ListItemNoWrap(20).Label)</visible>
									<onclick>RunScript(script.extendedinfo,info=extendedactorinfo,name=$INFO[Container(50).Listitem(20).Label])</onclick>
								</item>
								<item>
									<label>$INFO[Container(50).ListItem(21).Label]</label>
									<label2>$INFO[Container(50).ListItem(21).Label2]</label2>
									<thumb>$INFO[Container(50).ListItem(21).Thumb]</thumb>
									<visible>!IsEmpty(Container(50).ListItemNoWrap(21).Label)</visible>
									<onclick>RunScript(script.extendedinfo,info=extendedactorinfo,name=$INFO[Container(50).Listitem(21).Label])</onclick>
								</item>
								<item>
									<label>$INFO[Container(50).ListItem(22).Label]</label>
									<label2>$INFO[Container(50).ListItem(22).Label2]</label2>
									<thumb>$INFO[Container(50).ListItem(22).Thumb]</thumb>
									<visible>!IsEmpty(Container(50).ListItemNoWrap(22).Label)</visible>
									<onclick>RunScript(script.extendedinfo,info=extendedactorinfo,name=$INFO[Container(50).Listitem(22).Label])</onclick>
								</item>
								<item>
									<label>$INFO[Container(50).ListItem(23).Label]</label>
									<label2>$INFO[Container(50).ListItem(23).Label2]</label2>
									<thumb>$INFO[Container(50).ListItem(23).Thumb]</thumb>
									<visible>!IsEmpty(Container(50).ListItemNoWrap(23).Label)</visible>
									<onclick>RunScript(script.extendedinfo,info=extendedactorinfo,name=$INFO[Container(50).Listitem(23).Label])</onclick>
								</item>
								<item>
									<label>$INFO[Container(50).ListItem(24).Label]</label>
									<label2>$INFO[Container(50).ListItem(24).Label2]</label2>
									<thumb>$INFO[Container(50).ListItem(24).Thumb]</thumb>
									<visible>!IsEmpty(Container(50).ListItemNoWrap(24).Label)</visible>
									<onclick>RunScript(script.extendedinfo,info=extendedactorinfo,name=$INFO[Container(50).Listitem(24).Label])</onclick>
								</item>
								<item>
									<label>$INFO[Container(50).ListItem(25).Label]</label>
									<label2>$INFO[Container(50).ListItem(25).Label2]</label2>
									<thumb>$INFO[Container(50).ListItem(25).Thumb]</thumb>
									<visible>!IsEmpty(Container(50).ListItemNoWrap(25).Label)</visible>
									<onclick>RunScript(script.extendedinfo,info=extendedactorinfo,name=$INFO[Container(50).Listitem(25).Label])</onclick>
								</item>
							</content>
						</control>
						<control type="panel" id="90011">
							<description>Similar movies</description>
							<left>0</left>
							<top>0</top>
							<width>1190</width>
							<height>420</height>
							<orientation>horizontal</orientation>
							<scrolltime tween="quadratic" easing="out">300</scrolltime>
							<visible>!StringCompare(Window(Home).Property(SimilarMovies.Count),0) + System.HasAddon(script.extendedinfo)</visible>
							<visible>Container.Content(movies)</visible>
							<itemlayout height="420" width="280">
								<control type="image">
									<width>280</width>
									<height>422</height>
									<aspectratio aligny="top">scale</aspectratio>
									<texture background="true" fallback="DefaultVideoCover.png">$INFO[ListItem.Thumb]</texture>
								</control>
								<control type="image">
									<top>-200</top>
									<width>280</width>
									<height>620</height>
									<texture>thumbs/poster_black.png</texture>
								</control>
								<control type="label">
									<left>10</left>
									<top>325</top>
									<width>260</width>
									<height>43</height>
									<align>center</align>
									<font>font14</font>
									<textcolor>white2</textcolor>
									<shadowcolor>shadow</shadowcolor>
									<selectedcolor>selected</selectedcolor>
									<label>$INFO[ListItem.Label]</label>
								</control>
								<control type="label">
									<left>10</left>
									<top>368</top>
									<width>260</width>
									<height>43</height>
									<align>center</align>
									<font>font14</font>
									<textcolor>white2</textcolor>
									<shadowcolor>shadow</shadowcolor>
									<selectedcolor>selected</selectedcolor>
									<label>$INFO[ListItem.Year]</label>
								</control>
								<control type="image">
									<left>192</left>
									<top>-10</top>
									<width>100</width>
									<height>100</height>
									<texture>overlays/addons/enabled.png</texture>
									<visible>!IsEmpty(ListItem.Property(DBID))</visible>
								</control>
							</itemlayout>
							<focusedlayout height="420" width="280">
								<control type="group">
									<animation type="Focus" reversible="false">
										<effect type="zoom" start="95" end="100" time="300" tween="sine" easing="inout" center="auto" />
										<effect type="fade" start="80" end="100" time="300" />
									</animation>
									<control type="image">
										<width>280</width>
										<height>420</height>
										<aspectratio aligny="top">scale</aspectratio>
										<texture background="true" fallback="DefaultVideoCover.png">$INFO[ListItem.Thumb]</texture>
									</control>
									<control type="image">
										<top>-200</top>
										<width>280</width>
										<height>620</height>
										<texture>thumbs/poster_black.png</texture>
									</control>
									<control type="label">
										<left>10</left>
										<top>325</top>
										<width>260</width>
										<height>43</height>
										<align>center</align>
										<font>font14</font>
										<textcolor>selected</textcolor>
										<selectedcolor>selected</selectedcolor>
										<shadowcolor>shadow</shadowcolor>
										<label>$INFO[ListItem.Label]</label>
										<animation effect="fade" start="100" end="40" time="300" tween="sine" easing="inout" condition="!Control.HasFocus(90011)">Conditional</animation>
									</control>
									<control type="label">
										<left>10</left>
										<top>368</top>
										<width>260</width>
										<height>43</height>
										<align>center</align>
										<font>font14</font>
										<textcolor>selected</textcolor>
										<selectedcolor>selected</selectedcolor>
										<shadowcolor>shadow</shadowcolor>
										<label>$INFO[ListItem.Year]</label>
										<animation effect="fade" start="100" end="40" time="300" tween="sine" easing="inout" condition="!Control.HasFocus(90011)">Conditional</animation>
									</control>
									<control type="image">
										<left>192</left>
										<top>-10</top>
										<width>100</width>
										<height>100</height>
										<texture>overlays/addons/enabled.png</texture>
										<visible>!IsEmpty(ListItem.Property(DBID))</visible>
									</control>
								</control>
							</focusedlayout>
							<content>plugin://script.extendedinfo?info=similarmovies&amp;&amp;id=$INFO[ListItem.DBID]</content>
						</control>
						<control type="panel" id="90012">
							<description>Movies from director</description>
							<left>0</left>
							<top>0</top>
							<width>1190</width>
							<height>420</height>
							<orientation>horizontal</orientation>
							<scrolltime tween="quadratic" easing="out">300</scrolltime>
							<visible>!StringCompare(Window(Home).Property(DirectorMovies.Count),0) + System.HasAddon(script.extendedinfo)</visible>
							<visible>Container.Content(movies)</visible>
							<itemlayout height="420" width="280">
								<control type="image">
									<width>280</width>
									<height>420</height>
									<aspectratio aligny="top">scale</aspectratio>
									<texture background="true" fallback="DefaultVideoCover.png">$INFO[ListItem.Thumb]</texture>
								</control>
								<control type="image">
									<top>-200</top>
									<width>280</width>
									<height>620</height>
									<texture>thumbs/poster_black.png</texture>
								</control>
								<control type="label">
									<left>10</left>
									<top>325</top>
									<width>260</width>
									<height>43</height>
									<align>center</align>
									<font>font14</font>
									<textcolor>white2</textcolor>
									<shadowcolor>shadow</shadowcolor>
									<selectedcolor>selected</selectedcolor>
									<label>$INFO[ListItem.Label]</label>
								</control>
								<control type="label">
									<left>10</left>
									<top>368</top>
									<width>260</width>
									<height>43</height>
									<align>center</align>
									<font>font14</font>
									<textcolor>white2</textcolor>
									<shadowcolor>shadow</shadowcolor>
									<selectedcolor>selected</selectedcolor>
									<label>$INFO[ListItem.Year]</label>
								</control>
								<control type="image">
									<left>192</left>
									<top>-10</top>
									<width>100</width>
									<height>100</height>
									<texture>overlays/addons/enabled.png</texture>
									<visible>!IsEmpty(ListItem.Property(DBID))</visible>
								</control>
							</itemlayout>
							<focusedlayout height="420" width="280">
								<control type="group">
									<animation type="Focus" reversible="false">
										<effect type="zoom" start="95" end="100" time="300" tween="sine" easing="inout" center="auto" />
										<effect type="fade" start="80" end="100" time="300" />
									</animation>
									<control type="image">
										<width>280</width>
										<height>420</height>
										<aspectratio aligny="top">scale</aspectratio>
										<texture background="true" fallback="DefaultVideoCover.png">$INFO[ListItem.Thumb]</texture>
									</control>
									<control type="image">
										<top>-200</top>
										<width>280</width>
										<height>620</height>
										<texture>thumbs/poster_black.png</texture>
									</control>
									<control type="label">
										<left>10</left>
										<top>325</top>
										<width>260</width>
										<height>43</height>
										<align>center</align>
										<font>font14</font>
										<textcolor>selected</textcolor>
										<selectedcolor>selected</selectedcolor>
										<shadowcolor>shadow</shadowcolor>
										<label>$INFO[ListItem.Label]</label>
										<animation effect="fade" start="100" end="40" time="300" tween="sine" easing="inout" condition="!Control.HasFocus(90012)">Conditional</animation>
									</control>
									<control type="label">
										<left>10</left>
										<top>368</top>
										<width>260</width>
										<height>43</height>
										<align>center</align>
										<font>font14</font>
										<textcolor>selected</textcolor>
										<selectedcolor>selected</selectedcolor>
										<shadowcolor>shadow</shadowcolor>
										<label>$INFO[ListItem.Year]</label>
										<animation effect="fade" start="100" end="40" time="300" tween="sine" easing="inout" condition="!Control.HasFocus(90012)">Conditional</animation>
									</control>
									<control type="image">
										<left>192</left>
										<top>-10</top>
										<width>100</width>
										<height>100</height>
										<texture>overlays/addons/enabled.png</texture>
										<visible>!IsEmpty(ListItem.Property(DBID))</visible>
									</control>
								</control>
							</focusedlayout>
							<content target="video">plugin://script.extendedinfo?info=directormovies&amp;&amp;director=$INFO[ListItem.Director]</content>
						</control>
						<control type="panel" id="90013">
							<description>Movies from writers</description>
							<left>0</left>
							<top>0</top>
							<width>1190</width>
							<height>420</height>
							<orientation>horizontal</orientation>
							<scrolltime tween="quadratic" easing="out">300</scrolltime>
							<visible>!StringCompare(Window(Home).Property(WriterMovies.Count),0) + System.HasAddon(script.extendedinfo)</visible>
							<visible>Container.Content(movies)</visible>
							<itemlayout height="420" width="280">
								<control type="image">
									<width>280</width>
									<height>420</height>
									<aspectratio aligny="top">scale</aspectratio>
									<texture background="true" fallback="DefaultVideoCover.png">$INFO[ListItem.Thumb]</texture>
								</control>
								<control type="image">
									<top>-200</top>
									<width>280</width>
									<height>620</height>
									<texture>thumbs/poster_black.png</texture>
								</control>
								<control type="label">
									<left>10</left>
									<top>325</top>
									<width>260</width>
									<height>43</height>
									<align>center</align>
									<font>font14</font>
									<textcolor>white2</textcolor>
									<shadowcolor>shadow</shadowcolor>
									<selectedcolor>selected</selectedcolor>
									<label>$INFO[ListItem.Label]</label>
								</control>
								<control type="label">
									<left>10</left>
									<top>368</top>
									<width>260</width>
									<height>43</height>
									<align>center</align>
									<font>font14</font>
									<textcolor>white2</textcolor>
									<shadowcolor>shadow</shadowcolor>
									<selectedcolor>selected</selectedcolor>
									<label>$INFO[ListItem.Year]</label>
								</control>
								<control type="image">
									<left>192</left>
									<top>-10</top>
									<width>100</width>
									<height>100</height>
									<texture>overlays/addons/enabled.png</texture>
									<visible>!IsEmpty(ListItem.Property(DBID))</visible>
								</control>
							</itemlayout>
							<focusedlayout height="420" width="280">
								<control type="group">
									<animation type="Focus" reversible="false">
										<effect type="zoom" start="95" end="100" time="300" tween="sine" easing="inout" center="auto" />
										<effect type="fade" start="80" end="100" time="300" />
									</animation>
									<control type="image">
										<width>280</width>
										<height>420</height>
										<aspectratio aligny="top">scale</aspectratio>
										<texture background="true" fallback="DefaultVideoCover.png">$INFO[ListItem.Thumb]</texture>
									</control>
									<control type="image">
										<top>-200</top>
										<width>280</width>
										<height>620</height>
										<texture>thumbs/poster_black.png</texture>
									</control>
									<control type="label">
										<left>10</left>
										<top>325</top>
										<width>260</width>
										<height>43</height>
										<align>center</align>
										<font>font14</font>
										<textcolor>selected</textcolor>
										<shadowcolor>shadow</shadowcolor>
										<selectedcolor>selected</selectedcolor>
										<label>$INFO[ListItem.Label]</label>
										<animation effect="fade" start="100" end="40" time="300" tween="sine" easing="inout" condition="!Control.HasFocus(90013)">Conditional</animation>
									</control>
									<control type="label">
										<left>10</left>
										<top>368</top>
										<width>260</width>
										<height>43</height>
										<align>center</align>
										<font>font14</font>
										<textcolor>selected</textcolor>
										<selectedcolor>selected</selectedcolor>
										<shadowcolor>shadow</shadowcolor>
										<label>$INFO[ListItem.Year]</label>
										<animation effect="fade" start="100" end="40" time="300" tween="sine" easing="inout" condition="!Control.HasFocus(90013)">Conditional</animation>
									</control>
									<control type="image">
										<left>192</left>
										<top>-10</top>
										<width>100</width>
										<height>100</height>
										<texture>overlays/addons/enabled.png</texture>
										<visible>!IsEmpty(ListItem.Property(DBID))</visible>
									</control>
								</control>
							</focusedlayout>
							<content target="video">plugin://script.extendedinfo?info=writermovies&amp;&amp;writer=$INFO[ListItem.Writer]</content>
						</control>
						<control type="panel" id="90014">
							<description>Movies from studio</description>
							<left>0</left>
							<top>0</top>
							<width>1190</width>
							<height>420</height>
							<orientation>horizontal</orientation>
							<scrolltime tween="quadratic" easing="out">300</scrolltime>
							<visible>!StringCompare(Window(Home).Property(StudioInfo.Count),0) + System.HasAddon(script.extendedinfo)</visible>
							<visible>Container.Content(movies)</visible>
							<itemlayout height="420" width="280">
								<control type="image">
									<width>280</width>
									<height>420</height>
									<aspectratio aligny="top">scale</aspectratio>
									<texture background="true" fallback="DefaultVideoCover.png">$INFO[ListItem.Thumb]</texture>
								</control>
								<control type="image">
									<top>-200</top>
									<width>280</width>
									<height>620</height>
									<texture>thumbs/poster_black.png</texture>
								</control>
								<control type="label">
									<left>10</left>
									<top>325</top>
									<width>260</width>
									<height>43</height>
									<align>center</align>
									<font>font14</font>
									<textcolor>white2</textcolor>
									<shadowcolor>shadow</shadowcolor>
									<selectedcolor>selected</selectedcolor>
									<label>$INFO[ListItem.Label]</label>
								</control>
								<control type="label">
									<left>10</left>
									<top>368</top>
									<width>260</width>
									<height>43</height>
									<align>center</align>
									<font>font14</font>
									<textcolor>white2</textcolor>
									<shadowcolor>shadow</shadowcolor>
									<selectedcolor>selected</selectedcolor>
									<label>$INFO[ListItem.Year]</label>
								</control>
								<control type="image">
									<left>192</left>
									<top>-10</top>
									<width>100</width>
									<height>100</height>
									<texture>overlays/addons/enabled.png</texture>
									<visible>!IsEmpty(ListItem.Property(DBID))</visible>
								</control>
							</itemlayout>
							<focusedlayout height="420" width="280">
								<control type="group">
									<animation type="Focus" reversible="false">
										<effect type="zoom" start="95" end="100" time="300" tween="sine" easing="inout" center="auto" />
										<effect type="fade" start="80" end="100" time="300" />
									</animation>
									<control type="image">
										<width>280</width>
										<height>420</height>
										<aspectratio aligny="top">scale</aspectratio>
										<texture background="true" fallback="DefaultVideoCover.png">$INFO[ListItem.Thumb]</texture>
									</control>
									<control type="image">
										<top>-200</top>
										<width>280</width>
										<height>620</height>
										<texture>thumbs/poster_black.png</texture>
									</control>
									<control type="label">
										<left>10</left>
										<top>325</top>
										<width>260</width>
										<height>43</height>
										<align>center</align>
										<font>font14</font>
										<textcolor>selected</textcolor>
										<selectedcolor>selected</selectedcolor>
										<shadowcolor>shadow</shadowcolor>
										<label>$INFO[ListItem.Label]</label>
										<animation effect="fade" start="100" end="40" time="300" tween="sine" easing="inout" condition="!Control.HasFocus(90014)">Conditional</animation>
									</control>
									<control type="label">
										<left>10</left>
										<top>368</top>
										<width>260</width>
										<height>43</height>
										<align>center</align>
										<font>font14</font>
										<textcolor>selected</textcolor>
										<selectedcolor>selected</selectedcolor>
										<shadowcolor>shadow</shadowcolor>
										<label>$INFO[ListItem.Year]</label>
										<animation effect="fade" start="100" end="40" time="300" tween="sine" easing="inout" condition="!Control.HasFocus(90014)">Conditional</animation>
									</control>
									<control type="image">
										<left>192</left>
										<top>-10</top>
										<width>100</width>
										<height>100</height>
										<texture>overlays/addons/enabled.png</texture>
										<visible>!IsEmpty(ListItem.Property(DBID))</visible>
									</control>
								</control>
							</focusedlayout>
							<content target="video">plugin://script.extendedinfo?info=studio&amp;&amp;studio=$INFO[ListItem.Studio]</content>
						</control>
						<control type="panel" id="90015">
							<description>Similar TV Shows</description>
							<left>0</left>
							<top>0</top>
							<width>1190</width>
							<height>420</height>
							<orientation>horizontal</orientation>
							<scrolltime tween="quadratic" easing="out">300</scrolltime>
							<visible>!StringCompare(Window(Home).Property(SimilarTVShows.Count),0) + System.HasAddon(script.extendedinfo)</visible>
							<visible>Container.Content(tvshows)</visible>
							<itemlayout height="420" width="280">
								<control type="image">
									<width>280</width>
									<height>420</height>
									<aspectratio aligny="top">scale</aspectratio>
									<texture background="true" fallback="DefaultVideoCover.png">$INFO[ListItem.Thumb]</texture>
									<bordertexture border="2">thumbs/panel_border3.png</bordertexture>
									<bordersize>2</bordersize>
								</control>
								<control type="image">
									<top>322</top>
									<width>280</width>
									<height>98</height>
									<texture>black.png</texture>
									<colordiffuse>88ffffff</colordiffuse>
									<bordersize>2</bordersize>
								</control>
								<control type="label">
									<left>10</left>
									<top>325</top>
									<width>260</width>
									<height>43</height>
									<align>center</align>
									<font>font14</font>
									<textcolor>grey</textcolor>
									<shadowcolor>shadow</shadowcolor>
									<selectedcolor>selected</selectedcolor>
									<label>$INFO[ListItem.Label]</label>
								</control>
								<control type="label">
									<left>10</left>
									<top>368</top>
									<width>260</width>
									<height>43</height>
									<align>center</align>
									<font>font14</font>
									<textcolor>grey</textcolor>
									<shadowcolor>shadow</shadowcolor>
									<selectedcolor>selected</selectedcolor>
									<label>$INFO[ListItem.Year]</label>
								</control>
								<control type="image">
									<left>180</left>
									<width>100</width>
									<height>100</height>
									<texture>overlays/addons/enabled.png</texture>
									<bordersize>2</bordersize>
									<visible>!IsEmpty(ListItem.Property(DBID))</visible>
								</control>
							</itemlayout>
							<focusedlayout height="420" width="280">
								<control type="group">
									<animation type="Focus" reversible="false">
										<effect type="zoom" start="95" end="100" time="300" tween="sine" easing="inout" center="auto" />
										<effect type="fade" start="80" end="100" time="300" />
									</animation>
									<control type="image">
										<width>280</width>
										<height>420</height>
										<aspectratio aligny="top">scale</aspectratio>
										<texture background="true" fallback="DefaultVideoCover.png">$INFO[ListItem.Thumb]</texture>
										<bordertexture border="8">thumbs/thumbnail_focused.png</bordertexture>
										<bordersize>8</bordersize>
									</control>
									<control type="image">
										<top>316</top>
										<width>280</width>
										<height>104</height>
										<texture>black.png</texture>
										<colordiffuse>88ffffff</colordiffuse>
										<bordersize>8</bordersize>
									</control>
									<control type="label">
										<left>10</left>
										<top>325</top>
										<width>260</width>
										<height>43</height>
										<align>center</align>
										<font>font14</font>
										<selectedcolor>selected</selectedcolor>
										<shadowcolor>shadow</shadowcolor>
										<label>$INFO[ListItem.Label]</label>
										<animation effect="fade" start="100" end="40" time="300" tween="sine" easing="inout" condition="!Control.HasFocus(90015)">Conditional</animation>
									</control>
									<control type="label">
										<left>10</left>
										<top>368</top>
										<width>260</width>
										<height>43</height>
										<align>center</align>
										<font>font14</font>
										<selectedcolor>selected</selectedcolor>
										<shadowcolor>shadow</shadowcolor>
										<label>$INFO[ListItem.Year]</label>
										<animation effect="fade" start="100" end="40" time="300" tween="sine" easing="inout" condition="!Control.HasFocus(90015)">Conditional</animation>
									</control>
									<control type="image">
										<left>180</left>
										<width>100</width>
										<height>100</height>
										<texture>overlays/addons/enabled.png</texture>
										<bordersize>8</bordersize>
										<visible>!IsEmpty(ListItem.Property(DBID))</visible>
									</control>
								</control>
							</focusedlayout>
							<content target="video">plugin://script.extendedinfo?info=similartvshows&amp;&amp;dbid=$INFO[ListItem.DBID]</content>
						</control>
						<control type="panel" id="90016">
							<description>Seasons</description>
							<left>0</left>
							<top>0</top>
							<width>1190</width>
							<height>420</height>
							<orientation>horizontal</orientation>
							<scrolltime tween="quadratic" easing="out">300</scrolltime>
							<visible>IntegerGreaterThan(ListItem.Property(TotalSeasons),0)</visible>
							<visible>Container.Content(tvshows)</visible>
							<itemlayout height="420" width="280">
								<control type="image">
									<width>280</width>
									<height>420</height>
									<aspectratio aligny="top">scale</aspectratio>
									<texture background="true" fallback="DefaultVideoCover.png">$INFO[ListItem.Art(poster)]</texture>
									<bordertexture border="2">thumbs/panel_border3.png</bordertexture>
									<bordersize>2</bordersize>
								</control>
								<control type="image">
									<top>322</top>
									<width>280</width>
									<height>98</height>
									<texture>black.png</texture>
									<colordiffuse>88ffffff</colordiffuse>
									<bordersize>2</bordersize>
								</control>
								<control type="label">
									<left>10</left>
									<top>325</top>
									<width>260</width>
									<height>43</height>
									<align>center</align>
									<font>font14</font>
									<textcolor>grey</textcolor>
									<shadowcolor>shadow</shadowcolor>
									<selectedcolor>selected</selectedcolor>
									<label>$INFO[ListItem.Label]</label>
								</control>
								<control type="label">
									<left>10</left>
									<top>368</top>
									<width>260</width>
									<height>43</height>
									<align>center</align>
									<font>font14</font>
									<textcolor>grey</textcolor>
									<shadowcolor>shadow</shadowcolor>
									<selectedcolor>selected</selectedcolor>
									<label>$INFO[ListItem.Property(TotalEpisodes),, $LOCALIZE[20453]]</label>
								</control>
							</itemlayout>
							<focusedlayout height="420" width="280">
								<control type="group">
									<animation type="Focus" reversible="false">
										<effect type="zoom" start="95" end="100" time="300" tween="sine" easing="inout" center="auto" />
										<effect type="fade" start="80" end="100" time="300" />
									</animation>
									<control type="image">
										<width>280</width>
										<height>420</height>
										<aspectratio aligny="top">scale</aspectratio>
										<texture background="true" fallback="DefaultVideoCover.png">$INFO[ListItem.Art(poster)]</texture>
										<bordertexture border="8">thumbs/thumbnail_focused.png</bordertexture>
										<bordersize>8</bordersize>
									</control>
									<control type="image">
										<top>316</top>
										<width>280</width>
										<height>104</height>
										<texture>black.png</texture>
										<colordiffuse>88ffffff</colordiffuse>
										<bordersize>8</bordersize>
									</control>
									<control type="label">
										<left>10</left>
										<top>325</top>
										<width>260</width>
										<height>43</height>
										<align>center</align>
										<font>font14</font>
										<selectedcolor>selected</selectedcolor>
										<shadowcolor>shadow</shadowcolor>
										<label>$INFO[ListItem.Label]</label>
										<animation effect="fade" start="100" end="40" time="300" tween="sine" easing="inout" condition="!Control.HasFocus(90016)">Conditional</animation>
									</control>
									<control type="label">
										<left>10</left>
										<top>368</top>
										<width>260</width>
										<height>43</height>
										<align>center</align>
										<font>font14</font>
										<selectedcolor>selected</selectedcolor>
										<shadowcolor>shadow</shadowcolor>
										<label>$INFO[ListItem.Property(TotalEpisodes),, $LOCALIZE[20453]]</label>
										<animation effect="fade" start="100" end="40" time="300" tween="sine" easing="inout" condition="!Control.HasFocus(90016)">Conditional</animation>
									</control>
								</control>
							</focusedlayout>
							<content target="video">videodb://tvshows/titles/$INFO[ListItem.DBID]/</content>
						</control>
					</control>
					<control type="scrollbar" id="70">
						<include>HiddenObject</include>
					</control>
					<control type="group" id="71">
						<left>0</left>
						<top>975</top>
						<visible>ControlGroup(9001).HasFocus</visible>
						<include>SettingsFadeEffect</include>
						<control type="label">
							<width>1190</width>
							<height>90</height>
							<aligny>center</aligny>
							<font>font15</font>
							<textcolor>grey</textcolor>
							<label>$VAR[VideoInfoDetailsLabelVar]</label>
						</control>
						<control type="button">
							<left>1090</left>
							<top>20</top>
							<width>40</width>
							<height>25</height>
							<label />
							<texturenofocus border="1">android/numberpicker_up_normal_holo_dark.png</texturenofocus>
							<texturefocus border="1">android/numberpicker_up_longpressed_holo_dark.png</texturefocus>
							<onclick>PageUp(70)</onclick>
						</control>
						<control type="button">
							<left>1090</left>
							<top>50</top>
							<width>40</width>
							<height>25</height>
							<label />
							<texturenofocus border="1">android/numberpicker_down_normal_holo_dark.png</texturenofocus>
							<texturefocus border="1">android/numberpicker_down_longpressed_holo_dark.png</texturefocus>
							<onclick>PageDown(70)</onclick>
							<animation effect="fade" time="100">VisibleChange</animation>
							<visible>Container(9001).HasNext</visible>
						</control>
					</control>
				</control>
				<control type="group">
					<left>3</left>
					<top>0</top>
					<control type="image">
						<top>450</top>
						<width>594</width>
						<height>60</height>
						<texture border="1">separator2.png</texture>
						<visible>!IntegerGreaterThan(Container(300).NumItems,2)</visible>
					</control>
					<control type="image">
						<left>594</left>
						<top>450</top>
						<width>594</width>
						<height>60</height>
						<texture border="1">separator2.png</texture>
						<visible>!IntegerGreaterThan(Container(300).NumItems,5)</visible>
					</control>
					<control type="grouplist" id="9000">
						<left>1</left>
						<top>510</top>
						<width>1192</width>
						<height>60</height>
						<itemgap>0</itemgap>
						<onleft>9000</onleft>
						<onright>9000</onright>
						<onup>300</onup>
						<align>left</align>
						<ondown>9001</ondown>
						<orientation>horizontal</orientation>
						<control type="togglebutton" id="8">
							<description>Play/browse to Show</description>
							<include>ButtonInfoDialogsCommonValues</include>
							<label>208</label>
							<altlabel>1024</altlabel>
							<usealttexture>Container.Content(tvshows)</usealttexture>
							<visible>!StringCompare(Skin.String(CinemaVision.Button),$LOCALIZE[31232])</visible>
						</control>
						<control type="image" id="200">
							<width>2</width>
							<height>58</height>
							<texture border="1">separator3.png</texture>
							<visible>!StringCompare(Skin.String(CinemaVision.Button),$LOCALIZE[31232])</visible>
						</control>
						<control type="button" id="909">
							<description>CinemaVision</description>
							<include>ButtonInfoDialogsCommonValues</include>
							<label>$INFO[System.AddonTitle(script.cinemavision)]</label>
							<width>260</width>
							<textwidth>435</textwidth>
							<textoffsetx>15</textoffsetx>
							<onclick>Dialog.Close(MovieInformation)</onclick>
							<onclick>RunScript(script.cinemavision,experience)</onclick>
							<visible>System.HasAddon(script.cinemavision) + [Container.Content(movies) | Container.Content(tvshows) | Container.Content(seasons) | Container.Content(episodes)] + !StringCompare(Skin.String(CinemaVision.Button),$LOCALIZE[31014]) + IsEmpty(Window(Home).Property(script.cinemavision.running))</visible>
						</control>
						<control type="image" id="201">
							<width>2</width>
							<height>58</height>
							<texture border="1">separator3.png</texture>
						</control>
						<control type="button" id="9">
							<description>Resume</description>
							<include>ButtonInfoDialogsCommonValues</include>
							<label>$VAR[VideoInfoResumeLabelVar]</label>
						</control>
						<control type="image" id="202">
							<width>2</width>
							<height>58</height>
							<texture border="1">separator3.png</texture>
						</control>
						<control type="button" id="910">
							<description>Play Trailer</description>
							<include>ButtonInfoDialogsCommonValues</include>
							<label>$LOCALIZE[20410]</label>
							<onclick>Dialog.Close(MovieInformation)</onclick>
							<onclick>PlayMedia($INFO[ListItem.Trailer])</onclick>
							<visible>[!IsEmpty(ListItem.Trailer) + Container.Content(movies)] + [!System.HasAddon(script.cinemavision) | StringCompare(Skin.String(CinemaVision.Button),$LOCALIZE[31232]) | StringCompare(Skin.String(CinemaVision.Button),$LOCALIZE[31014])]</visible>
						</control>
						<control type="button" id="911">
							<description>Search Trailer</description>
							<include>ButtonInfoDialogsCommonValues</include>
							<label>$LOCALIZE[137] $LOCALIZE[20410]</label>
							<onclick>ActivateWindow(videos,plugin://plugin.video.youtube/kodion/search/query/?q=$INFO[ListItem.OriginalTitle]+Trailer)</onclick>
							<onclick>Dialog.Close(movieinformation)</onclick>
							<visible>[IsEmpty(ListItem.Trailer) + Container.Content(movies)] + [!System.HasAddon(script.cinemavision) | StringCompare(Skin.String(CinemaVision.Button),$LOCALIZE[31232]) | StringCompare(Skin.String(CinemaVision.Button),$LOCALIZE[31014])]</visible>
						</control>
						<control type="image" id="203">
							<width>2</width>
							<height>58</height>
							<texture border="1">separator3.png</texture>
							<visible>Container.Content(movies) + [!System.HasAddon(script.cinemavision) | StringCompare(Skin.String(CinemaVision.Button),$LOCALIZE[31232]) | StringCompare(Skin.String(CinemaVision.Button),$LOCALIZE[31014])]</visible>
						</control>
						<control type="button" id="10">
							<description>Get Thumb</description>
							<include>ButtonInfoDialogsCommonValues</include>
							<label>13511</label>
							<enable>!Skin.HasSetting(KioskMode.Enabled)</enable>
						</control>
						<control type="image" id="204">
							<width>2</width>
							<height>58</height>
							<texture border="1">separator3.png</texture>
						</control>
						<control type="button" id="6">
							<description>Refresh</description>
							<font>IconMedium</font>
							<width>80</width>
							<include>ButtonInfoDialogsCommonValues</include>
							<label></label>
							<enable>!Skin.HasSetting(KioskMode.Enabled)</enable>
						</control>
						<control type="image" id="205">
							<width>2</width>
							<height>58</height>
							<texture border="1">separator3.png</texture>
						</control>
						<control type="button" id="207">
							<description>Extras</description>
							<font>IconMedium</font>
							<width>80</width>
							<include>ButtonInfoDialogsCommonValues</include>
							<label>+</label>
							<onclick>ActivateWindow(1119)</onclick>
							<enable>!Skin.HasSetting(KioskMode.Enabled)</enable>
						</control>
					</control>
				</control>
			</control>
		</control>
	</controls>
</window>