<?xml version="1.0" encoding="UTF-8"?>
<includes>
	<include file="defaults.xml" />
	<include file="Includes_CommonValues.xml" />
	<include file="Includes_Animations.xml" />
	<include file="Includes_Home.xml" />
	<include file="Includes_LiveBG.xml" />
	<include file="Includes_LiveTV.xml" />
	<include file="IncludesHomeRecentlyAdded.xml" />
	<include file="IncludesHomeWidgetBuilding.xml" />
	<include file="IncludesHomeWidgetEditor.xml" />
	<include file="IncludesBackgroundBuilding.xml" />
	<include file="View_50_List.xml" />
	<include file="View_51_InfoWall.xml" />
	<include file="View_52_Landscape.xml" />
	<include file="View_53_ShowCase.xml" />
	<include file="View_54_ShowCase.xml" />
	<include file="View_55_TriPanel.xml" />
	<include file="View_56_Posters.xml" />
	<include file="View_57_Shift.xml" />
	<include file="View_58_BannerWall.xml" />
	<include file="View_59_Logo.xml" />
	<include file="View_499_Wall_Large.xml" />
	<include file="View_500_Icons.xml" />
	<include file="View_501_LowList.xml" />
	<include file="View_502_Episode.xml" />
	<include file="View_503_Wall.xml" />
	<include file="View_504_Gallery.xml" />
	<include file="View_505_Panel.xml" />
	<include file="View_507_BigList.xml" />
	<include file="View_508_SongList.xml" />
	<include file="View_591_BigFan.xml" />
	<include file="View_592_BigInfo.xml" />
	<include file="View_601_BannerPlex.xml" />
	<include file="View_602_FanartList.xml" />
	<include file="View_609_Fullscreen_Wall.xml" />
	<include file="View_700_RightList.xml" />
	<include file="View_701_MyFlix.xml" />
	<include file="variables.xml" />
	<include file="script-skinshortcuts-includes.xml" />
	<constant name="FanartCrossfadeTime">500</constant>
	<constant name="IconCrossfadeTime">400</constant>
	<constant name="FullScreenWidth">1920</constant>
	<variable name="BannerThumb">
		<value condition="!IsEmpty(ListItem.Art(banner))">$INFO[ListItem.Art(banner)]</value>
		<value>$INFO[ListItem.Icon]</value>
	</variable>
	<variable name="PosterThumb">
		<value condition="!IsEmpty(ListItem.Art(poster))">$INFO[ListItem.Art(poster)]</value>
		<value>$INFO[ListItem.Icon]</value>
	</variable>
	<!-- Media Menu -->
	<include name="SideBladeLeft">
		<animation effect="slide" start="440,0" end="0,0" time="400" tween="quadratic" easing="out" condition="IsEmpty(Window(home).Property(MediaMenu))">Conditional</animation>
		<animation effect="slide" start="0,0" end="-440,0" time="400" tween="quadratic" easing="out">WindowClose</animation>
		<!--<top>44</top>-->
		<control type="image">
			<left>0</left>
			<top>0</top>
			<width>432</width>
			<height>1080</height>
			<texture colordiffuse="E6FFFFFF" border="40">mediamenu_back.png</texture>
		</control>
		<control type="button" id="8999">
			<description>Close Window button</description>
			<left>350</left>
			<top>0</top>
			<width>64</width>
			<height>48</height>
			<label></label>
			<font>CloseButton</font>
			<textcolor>grey</textcolor>
			<focusedcolor>themecolor</focusedcolor>
			<onclick>ClearProperty(MediaMenu,Home)</onclick>
			<onclick>SetFocus(50)</onclick>
			<texturefocus>-</texturefocus>
			<texturenofocus>-</texturenofocus>
			<onleft>2</onleft>
			<onright>13</onright>
			<onup>13</onup>
			<ondown>2</ondown>
			<align>center</align>
			<aligny>center</aligny>
			<visible>system.getbool(input.enablemouse)</visible>
		</control>
		<control type="image">
			<description>LOGO</description>
			<left>0</left>
			<top>0</top>
			<width>400</width>
			<height>120</height>
			<aspectratio>keep</aspectratio>
			<texture>aeon-nox-logo.png</texture>
		</control>
	</include>
	<include name="KioskModeButton">
		<control type="button">
			<description>Kiosk Mode button</description>
			<include>ButtonCommonValues</include>
			<label>-</label>
			<onfocus>ClearProperty(MediaMenu,Home)</onfocus>
			<onfocus>SetFocus(50)</onfocus>
		</control>
	</include>
	<include name="MediaMenuTop">
		<left>0</left>
		<top>100</top>
		<width>400</width>
		<height>1080</height>
		<onleft>9050</onleft>
		<onright>ClearProperty(MediaMenu,Home)</onright>
		<onright condition="!Window.IsVisible(tvguide)">50</onright>
		<onright condition="Window.IsVisible(tvguide)">10</onright>
		<onup>9050</onup>
		<ondown>9050</ondown>
		<onback>ClearProperty(MediaMenu,Home)</onback>
		<onback>50</onback>
		<itemgap>0</itemgap>
		<include condition="Skin.HasSetting(KioskMode.Enabled)">KioskModeButton</include>
		<animation effect="fade" start="100" end="0" time="200" condition="Window.IsVisible(1128)" reversible="true">conditional</animation>
		<animation effect="fade" start="100" end="0" time="200" condition="Window.IsVisible(1130)" reversible="true">conditional</animation>
		<animation effect="fade" start="100" end="0" time="200" condition="Window.IsVisible(1131)" reversible="true">conditional</animation>
		<control type="label" id="200">
			<width>400</width>
			<height>52</height>
			<textoffsetx>15</textoffsetx>
			<font>font13_title</font>
			<label>31006</label>
			<textcolor>themecolor</textcolor>
			<aligny>center</aligny>
		</control>
		<control type="button" id="2000">
			<description>View As button</description>
			<textwidth>352</textwidth>
			<include>ButtonCommonValues</include>
			<label>$INFO[Container.Viewmode,$LOCALIZE[31100] ]</label>
			<onclick>ActivateWindow(1130)</onclick>
			<visible>!Window.IsActive(tvchannels)</visible>
		</control>
		<control type="button" id="2">
			<description>View As button</description>
			<textwidth>352</textwidth>
			<include>ButtonCommonValues</include>
			<label>-</label>
			<visible>Window.IsActive(tvchannels)</visible>
		</control>
		<control type="button" id="7031">
			<description>View settings</description>
			<textwidth>255</textwidth>
			<include>ButtonCommonValues</include>
			<label>$LOCALIZE[31151]</label>
			<onclick condition="Control.IsVisible(50)">SetProperty(actualViewtype,List,home)</onclick>
			<onclick condition="Control.IsVisible(51)">SetProperty(actualViewtype,InfoWall,home)</onclick>
			<onclick condition="Control.IsVisible(52)">SetProperty(actualViewtype,Landscape,home)</onclick>
			<onclick condition="Control.IsVisible(53)">SetProperty(actualViewtype,ShowCaseMovies,home)</onclick>
			<onclick condition="Control.IsVisible(54)">SetProperty(actualViewtype,ShowCaseSquare,home)</onclick>
			<onclick condition="Control.IsVisible(55)">SetProperty(actualViewtype,TriPanel,home)</onclick>
			<onclick condition="Control.IsVisible(56)">SetProperty(actualViewtype,Posters,home)</onclick>
			<onclick condition="Control.IsVisible(57)">SetProperty(actualViewtype,Shift,home)</onclick>
			<onclick condition="Control.IsVisible(58)">SetProperty(actualViewtype,BannerWall,home)</onclick>
			<onclick condition="Control.IsVisible(59)">SetProperty(actualViewtype,Logo,home)</onclick>
			<onclick condition="Control.IsVisible(499)">SetProperty(actualViewtype,SmallIcons,home)</onclick>
			<onclick condition="Control.IsVisible(500)">SetProperty(actualViewtype,Icons,home)</onclick>
			<onclick condition="Control.IsVisible(501)">SetProperty(actualViewtype,LowList,home)</onclick>
			<onclick condition="Control.IsVisible(502)">SetProperty(actualViewtype,Episode,home)</onclick>
			<onclick condition="Control.IsVisible(503)">SetProperty(actualViewtype,Wall,home)</onclick>
			<onclick condition="Control.IsVisible(504)">SetProperty(actualViewtype,Gallery,home)</onclick>
			<onclick condition="Control.IsVisible(505)">SetProperty(actualViewtype,Panel,home)</onclick>
			<onclick condition="Control.IsVisible(507)">SetProperty(actualViewtype,BigList,home)</onclick>
			<onclick condition="Control.IsVisible(508)">SetProperty(actualViewtype,SongList,home)</onclick>
			<onclick condition="Control.IsVisible(591)">SetProperty(actualViewtype,BigFan,home)</onclick>
			<onclick condition="Control.IsVisible(592)">SetProperty(actualViewtype,BigInfo,home)</onclick>
			<onclick condition="Control.IsVisible(601)">SetProperty(actualViewtype,BannerPlex,home)</onclick>
			<onclick condition="Control.IsVisible(602)">SetProperty(actualViewtype,FanartList,home)</onclick>
			<onclick condition="Control.IsVisible(609)">SetProperty(actualViewtype,FullscreenWall,home)</onclick>
			<onclick condition="Control.IsVisible(700)">SetProperty(actualViewtype,RightList,home)</onclick>
			<onclick condition="Control.IsVisible(701)">SetProperty(actualViewtype,MyFlix,home)</onclick>
			<onclick condition="Container.Content(episodes)">SetProperty(Area,Episodes,home)</onclick>
			<onclick condition="Container.Content(movies)">SetProperty(Area,Movies,home)</onclick>
			<onclick condition="Container.Content(sets)">SetProperty(Area,Sets,home)</onclick>
			<onclick condition="Container.Content(tvshows)">SetProperty(Area,TVShows,home)</onclick>
			<onclick condition="Container.Content(seasons)">SetProperty(Area,Seasons,home)</onclick>
			<onclick condition="Container.Content(musicvideos)">SetProperty(Area,MusicVideos,home)</onclick>
			<onclick condition="Container.Content(albums)">SetProperty(Area,Albums,home)</onclick>
			<onclick condition="Container.Content(artists)">SetProperty(Area,Artists,home)</onclick>
			<onclick condition="Container.Content(addons)">SetProperty(Area,Addons,home)</onclick>
			<onclick>ActivateWindow(1131)</onclick>
			<visible>Control.IsVisible(51) | Control.IsVisible(52) | Control.IsVisible(53) | Control.IsVisible(54) | Control.IsVisible(56) | Control.IsVisible(57) | Control.IsVisible(58) | Control.IsVisible(59) | Control.IsVisible(700) | Control.IsVisible(701) | Control.IsVisible(501) | Control.IsVisible(503) | [[Control.IsVisible(507) | Control.IsVisible(602)] + [Container.Content(movies) | Container.Content(episodes)]] | [Control.IsVisible(500) + Container.Content(movies) | Container.Content(tvshows) | Container.Content(seasons) | Container.Content(sets)] | Control.IsVisible(499) | Control.IsVisible(502) | Control.IsVisible(504) | Control.IsVisible(505) | Control.IsVisible(508) | Control.IsVisible(591) | Control.IsVisible(592) | Control.IsVisible(601) | Control.IsVisible(609)</visible>
		</control>
		<control type="togglebutton" id="6055">
			<description>LowList Toggle</description>
			<textwidth>255</textwidth>
			<include>ButtonCommonValues</include>
			<label>$LOCALIZE[31093]</label>
			<onclick>Skin.ToggleSetting(nohighlistgame)</onclick>
			<onclick>ReloadSkin()</onclick>
			<visible>Control.IsVisible(501) + SubString(Container.FolderPath,plugin.program.advanced.launcher)</visible>
		</control>
		<control type="button" id="3">
			<description>Sort by button</description>
			<include>ButtonCommonValues</include>
			<label>103</label>
		</control>
		<control type="togglebutton" id="4">
			<description>Sort asc</description>
			<include>ButtonCommonValues</include>
			<label>31051</label>
			<altlabel>31050</altlabel>
			<usealttexture>Container.SortDirection(Ascending)</usealttexture>
		</control>
		<control type="button" id="2001">
			<include>ButtonCommonValues</include>
			<label>$LOCALIZE[19190]</label>
			<onclick>ActivateWindow(1128)</onclick>
		</control>
	</include>
	<include name="PVRMediaMenu">
		<control type="group">
			<left>-440</left>
			<include>SideBladeLeft</include>
			<control type="grouplist" id="9050">
				<include>MediaMenuTop</include>
				<control type="button" id="203">
					<description>View options</description>
					<textwidth>352</textwidth>
					<font>font13_title</font>
					<include>ButtonCommonValues</include>
					<label>31039</label>
					<enable>no</enable>
					<disabledcolor>themecolor</disabledcolor>
				</control>
				<control type="button" id="100">
					<description>Channels</description>
					<label>19019</label>
					<textwidth>352</textwidth>
					<include>ButtonCommonValues</include>
					<onclick condition="IsEmpty(Window.Property(IsRadio))">ActivateWindow(TVChannels)</onclick>
					<onclick condition="!IsEmpty(Window.Property(IsRadio))">ActivateWindow(RadioChannels)</onclick>
				</control>
				<control type="button" id="101">
					<description>Guide</description>
					<label>22020</label>
					<textwidth>352</textwidth>
					<include>ButtonCommonValues</include>
					<onclick condition="IsEmpty(Window.Property(IsRadio))">ActivateWindow(TVGuide)</onclick>
					<onclick condition="!IsEmpty(Window.Property(IsRadio))">ActivateWindow(RadioGuide)</onclick>
					<visible>!Skin.HasSetting(sideblade_hideepgtimeline)</visible>
				</control>
				<control type="button" id="102">
					<description>Recordings</description>
					<label>19163</label>
					<textwidth>352</textwidth>
					<include>ButtonCommonValues</include>
					<onclick condition="IsEmpty(Window.Property(IsRadio))">ActivateWindow(TVRecordings)</onclick>
					<onclick condition="!IsEmpty(Window.Property(IsRadio))">ActivateWindow(RadioRecordings)</onclick>
					<visible>!Skin.HasSetting(sideblade_hiderecordings)</visible>
				</control>
				<control type="button" id="103">
					<description>Timers</description>
					<label>19040</label>
					<textwidth>352</textwidth>
					<include>ButtonCommonValues</include>
					<onclick condition="IsEmpty(Window.Property(IsRadio))">ActivateWindow(TVTimers)</onclick>
					<onclick condition="!IsEmpty(Window.Property(IsRadio))">ActivateWindow(RadioTimers)</onclick>
					<visible>!Skin.HasSetting(sideblade_hidetimer)</visible>
				</control>
				<control type="button" id="104">
					<description>Search</description>
					<label>137</label>
					<textwidth>352</textwidth>
					<include>ButtonCommonValues</include>
					<onclick condition="IsEmpty(Window.Property(IsRadio))">ActivateWindow(TVSearch)</onclick>
					<onclick condition="!IsEmpty(Window.Property(IsRadio))">ActivateWindow(RadioSearch)</onclick>
					<visible>!Skin.HasSetting(sideblade_hidesearch)</visible>
				</control>
				<control type="button" id="201">
					<description>View options</description>
					<textwidth>352</textwidth>
					<font>font13_title</font>
					<include>ButtonCommonValues</include>
					<label>31026</label>
					<enable>no</enable>
					<disabledcolor>themecolor</disabledcolor>
				</control>
				<control type="button" id="330">
					<description>Settings</description>
					<textwidth>352</textwidth>
					<include>ButtonCommonValues</include>
					<label>Live TV mod settings</label>
					<onclick>XBMC.ActivateWindow(1129)</onclick>
				</control>
				<control type="button" id="331">
					<description>Exit Kodi</description>
					<textwidth>352</textwidth>
					<include>ButtonCommonValues</include>
					<label>Exit Kodi</label>
					<onclick>ActivateWindow(shutdownmenu)</onclick>
					<visible>Skin.HasSetting(sideblade_hideexit)</visible>
				</control>
				<control type="button" id="28">
					<description>Channel Groups</description>
					<textwidth>255</textwidth>
					<include>ButtonCommonValues</include>
					<label>-</label>
				</control>
			</control>
		</control>
	</include>
	<!-- Scroll Label -->
	<include name="ScrollOffsetLabel">
		<control type="group">
			<visible>Container.Scrolling + [StringCompare(Container.SortMethod,$LOCALIZE[551]) | StringCompare(Container.SortMethod,$LOCALIZE[561]) | StringCompare(Container.SortMethod,$LOCALIZE[558]) | StringCompare(Container.SortMethod,$LOCALIZE[557]) | StringCompare(Container.SortMethod,$LOCALIZE[556])]</visible>
			<include>dialogeffect</include>
			<left>1794</left>
			<top>36</top>
			<control type="image">
				<left>0</left>
				<top>0</top>
				<width>160</width>
				<height>160</height>
				<texture border="35">listpanel_back.png</texture>
			</control>
			<control type="label">
				<left>0</left>
				<top>15</top>
				<width>160</width>
				<height>120</height>
				<align>center</align>
				<aligny>center</aligny>
				<label>$INFO[ListItem.SortLetter]</label>
				<textcolor>white</textcolor>
				<font>font_MainMenu</font>
			</control>
		</control>
	</include>
	<!-- Navigation Bar -->
	<include name="Topbar">
		<control type="group">
			<control type="button" id="900222">
				<label>-</label>
				<left>-30</left>
				<onclick condition="IsEmpty(Window(home).Property(MediaMenu))">SetProperty(MediaMenu,True,home)</onclick>
				<onclick condition="!IsEmpty(Window(home).Property(MediaMenu))">ClearProperty(MediaMenu,Home)</onclick>
				<onfocus condition="IsEmpty(Window(home).Property(MediaMenu)) + Skin.HasSetting(Enable.AutoOpenMediaMenuOnMouseOver)">SetProperty(MediaMenu,True,home)</onfocus>
				<onfocus condition="!IsEmpty(Window(home).Property(MediaMenu)) + Skin.HasSetting(Enable.AutoOpenMediaMenuOnMouseOver)">ClearProperty(MediaMenu,Home)</onfocus>
				<texturenofocus>-</texturenofocus>
				<texturefocus>-</texturefocus>
				<height>32</height>
				<include>ButtonTopbarCommonvalues</include>
				<visible>!IsEmpty(Window(home).Property(Window.HasSettings))</visible>
			</control>
			<control type="group">
				<animation effect="slide" start="0,0" end="0,-90" time="800" tween="cubic" condition="Control.IsVisible(503) + System.IdleTime(2)">Conditional</animation>
				<animation effect="slide" start="0,0" end="0,-90" time="800" tween="cubic" condition="Control.IsVisible(609) + IsEmpty(Skin.String(609.NoTopBar)) + !System.IdleTime(2)">Conditional</animation>
				<animation effect="slide" start="0,-90" end="0,0" delay="800" time="480" condition="Window.Previous(home)">WindowOpen</animation>
				<animation effect="slide" end="0,-90" start="0,0" time="480" condition="Window.Next(home)">WindowClose</animation>
				<visible>[Control.IsVisible(52) + IsEmpty(Skin.String(52.NoTopBar))] | [Control.IsVisible(53) + IsEmpty(Skin.String(53.NoTopBar))] | [Control.IsVisible(54) + IsEmpty(Skin.String(54.NoTopBar))] | [Control.IsVisible(56) + IsEmpty(Skin.String(56.NoTopBar))] | [Control.IsVisible(57) + IsEmpty(Skin.String(57.NoTopBar))] | [Control.IsVisible(59) + IsEmpty(Skin.String(59.NoTopBar))] | [Control.IsVisible(501) + IsEmpty(Skin.String(501.NoTopBar))] | [Control.IsVisible(502) + IsEmpty(Skin.String(502.NoTopBar))] | [Control.IsVisible(504) + IsEmpty(Skin.String(504.NoTopBar))] | [Control.IsVisible(505) + IsEmpty(Skin.String(505.NoTopBar))] | [Control.IsVisible(508) + IsEmpty(Skin.String(508.NoTopBar))] | [Control.IsVisible(591) + IsEmpty(Skin.String(591.NoTopBar))] | [Control.IsVisible(592) + IsEmpty(Skin.String(592.NoTopBar))] | [Control.IsVisible(601) + IsEmpty(Skin.String(601.NoTopBar))] | [Control.IsVisible(609) + IsEmpty(Skin.String(609.NoTopBar))] | [Control.IsVisible(700) + IsEmpty(Skin.String(700.NoTopBar))] | Control.IsVisible(50) | Control.IsVisible(51) | Control.IsVisible(55) | Control.IsVisible(58) | Control.IsVisible(499) | Control.IsVisible(500) | Control.IsVisible(503) | Control.IsVisible(507) | Control.IsVisible(602) | Control.IsVisible(701)</visible>
				<control type="button" id="90022">
					<label>-</label>
					<left>-30</left>
					<onclick condition="IsEmpty(Window(home).Property(MediaMenu))">SetProperty(MediaMenu,True,home)</onclick>
					<onclick condition="!IsEmpty(Window(home).Property(MediaMenu))">ClearProperty(MediaMenu,Home)</onclick>
					<texturenofocus>mediamenu_indicator.png</texturenofocus>
					<texturefocus>mediamenu_indicator.png</texturefocus>
					<height>32</height>
					<include>ButtonTopbarCommonvalues</include>
					<visible>!IsEmpty(Window(home).Property(Window.HasSettings))</visible>
				</control>
				<control type="image">
					<width>FullScreenWidth</width>
					<height>39</height>
					<texture colordiffuse="BFFFFFFF">background.png</texture>
				</control>
				<control type="label">
					<width>900</width>
					<height>90</height>
					<font>font13_title</font>
					<textoffsetx>15</textoffsetx>
					<textcolor>grey</textcolor>
					<align>left</align>
					<aligny>top</aligny>
					<textoffsety>-2</textoffsety>
					<label>$VAR[BreadcrumbsVar]</label>
				</control>
				<control type="label">
					<visible>!Window.IsActive(script-globalsearch-main.xml)</visible>
					<left>1020</left>
					<width>900</width>
					<height>90</height>
					<font>font13_title</font>
					<textoffsetx>15</textoffsetx>
					<textcolor>grey</textcolor>
					<align>right</align>
					<aligny>top</aligny>
					<textoffsety>-2</textoffsety>
					<label>$INFO[Container.NumItems,, $LOCALIZE[31025]]$INFO[Container.CurrentPage,[COLOR grey2] | ,]$INFO[Container.NumPages,/,[/COLOR]]</label>
				</control>
				<control type="label">
					<left>0</left>
					<width>FullScreenWidth</width>
					<height>90</height>
					<font>font13_title</font>
					<textoffsetx>15</textoffsetx>
					<textcolor>grey</textcolor>
					<align>center</align>
					<aligny>top</aligny>
					<textoffsety>-2</textoffsety>
					<label>$INFO[System.Time]</label>
				</control>
				<control type="group">
					<visible>Player.HasMedia + ![Window.IsActive(volumebar)]</visible>
					<animation effect="slide" start="0,-60" end="0,0" time="200">Visible</animation>
					<animation effect="slide" start="0,0" end="0,-60" time="200">Hidden</animation>
					<left>1080</left>
					<control type="progress">
						<left>0</left>
						<top>0</top>
						<width>500</width>
						<height>37</height>
						<texturebg border="2">osd/texturebg.png</texturebg>
						<lefttexture>-</lefttexture>
						<midtexture border="2">osd/midtexture_cache.png</midtexture>
						<righttexture>-</righttexture>
						<overlaytexture>-</overlaytexture>
						<info>Player.ProgressCache</info>
					</control>
					<control type="progress">
						<left>0</left>
						<top>0</top>
						<width>500</width>
						<height>35</height>
						<texturebg border="1">osd/texturebg_cache.png</texturebg>
						<lefttexture>-</lefttexture>
						<midtexture border="2">osd/midtexture.png</midtexture>
						<righttexture>-</righttexture>
						<overlaytexture>-</overlaytexture>
						<info>Player.Progress</info>
					</control>
					<control type="label">
						<left>0</left>
						<top>0</top>
						<width>500</width>
						<height>90</height>
						<font>font13_title</font>
						<textoffsetx>10</textoffsetx>
						<textcolor>grey</textcolor>
						<shadowcolor>shadow</shadowcolor>
						<align>left</align>
						<aligny>top</aligny>
						<textoffsety>-2</textoffsety>
						<scroll>true</scroll>
						<label>$INFO[Player.Title]</label>
					</control>
				</control>
			</control>
		</control>
	</include>
	<!-- Context menu -->
	<include name="AdvancedLauncherTrailerButton">
		<control type="button" id="994">
			<label>$LOCALIZE[20410]</label>
			<width>450</width>
			<height>60</height>
			<font>font14</font>
			<align>center</align>
			<textoffsetx>15</textoffsetx>
			<textcolor>grey2</textcolor>
			<focusedcolor>white</focusedcolor>
			<texturefocus border="5">button_middle_focus.png</texturefocus>
			<texturenofocus border="5">button_middle3.png</texturenofocus>
			<onclick>PlayMedia($ESCINFO[ListItem.Trailer])</onclick>
			<visible>!IsEmpty(ListItem.Trailer)</visible>
		</control>
	</include>
	<include name="ExtendedContext">
		<control type="button" id="1501" description="ExtendedContext">
			<visible>[System.HasAddon(script.extendedinfo) | System.HasAddon(script.qlickplay)] + Skin.HasSetting(ExtendedContext) + [Container.Content(movies) | Container.Content(tvshows) | Container.Content(actors) | Skin.HasSetting(PermanentExtendedContext)]</visible>
			<label>$VAR[ExtendedLabel]</label>
			<left>0</left>
			<top>0</top>
			<width>450</width>
			<height>60</height>
			<font>font14</font>
			<align>center</align>
			<textoffsetx>15</textoffsetx>
			<textcolor>grey2</textcolor>
			<focusedcolor>white</focusedcolor>
			<texturefocus border="5">button_middle_focus.png</texturefocus>
			<texturenofocus border="5">button_middle3.png</texturenofocus>
			<onclick condition="Container.Content(movies) + System.HasAddon(script.extendedinfo) + !System.HasAddon(script.qlickplay)">RunScript(script.extendedinfo,info=extendedinfo,name=$INFO[ListItem.Title])</onclick>
			<onclick condition="Container.Content(tvshows) + System.HasAddon(script.extendedinfo) + !System.HasAddon(script.qlickplay)">RunScript(script.extendedinfo,info=extendedtvinfo,name=$INFO[ListItem.Title])</onclick>
			<onclick condition="Container.Content(actors) + System.HasAddon(script.extendedinfo) + !System.HasAddon(script.qlickplay)">RunScript(script.extendedinfo,info=extendedactorinfo,name=$INFO[ListItem.Label])</onclick>
			<onclick condition="!Container.Content(movies) + !Container.Content(tvshows) + !Container.Content(actors) + System.HasAddon(script.extendedinfo) + !System.HasAddon(script.qlickplay)">RunScript(script.extendedinfo)</onclick>
			<onclick condition="Container.Content(movies) + System.HasAddon(script.qlickplay)">RunScript(script.qlickplay,info=extendedinfo,name=$INFO[ListItem.Title])</onclick>
			<onclick condition="Container.Content(tvshows) + System.HasAddon(script.qlickplay)">RunScript(script.qlickplay,info=extendedtvinfo,name=$INFO[ListItem.Title])</onclick>
			<onclick condition="Container.Content(actors) + System.HasAddon(script.qlickplay)">RunScript(script.qlickplay,info=extendedactorinfo,name=$INFO[ListItem.Label])</onclick>
			<onclick condition="!Container.Content(movies) + !Container.Content(tvshows) + !Container.Content(actors) + System.HasAddon(script.qlickplay)">RunScript(script.qlickplay)</onclick>
		</control>
	</include>

	<include name="ArtworkContext">
		<control type="button" id="1502" description="ArtworkContext">
			<visible>System.HasAddon(script.artwork.downloader) + Skin.HasSetting(ArtworkContext) + [Container.Content(movies) | Container.Content(tvshows) | Container.Content(musicvideos)]</visible>
			<label>$VAR[ArtworkLabel]</label>
			<left>0</left>
			<top>0</top>
			<width>450</width>
			<height>60</height>
			<font>font14</font>
			<align>center</align>
			<textoffsetx>15</textoffsetx>
			<textcolor>grey2</textcolor>
			<focusedcolor>white</focusedcolor>
			<texturefocus border="5">button_middle_focus.png</texturefocus>
			<texturenofocus border="5">button_middle3.png</texturenofocus>
			<onclick condition="Container.Content(movies) + Skin.HasSetting(ArtworkContext) + Skin.HasSetting(ArtworkAuto)">XBMC.RunScript(script.artwork.downloader, mediatype=movie, dbid=$INFO[ListItem.DBID])</onclick>
			<onclick condition="Container.Content(movies) + Skin.HasSetting(ArtworkContext) + !Skin.HasSetting(ArtworkAuto)">XBMC.RunScript(script.artwork.downloader, mode=gui, mediatype=movie, dbid=$INFO[ListItem.DBID])</onclick>
			<onclick condition="Container.Content(tvshows) + Skin.HasSetting(ArtworkContext) + Skin.HasSetting(ArtworkAuto)">XBMC.RunScript(script.artwork.downloader, mediatype=tvshow, dbid=$INFO[ListItem.DBID])</onclick>
			<onclick condition="Container.Content(tvshows) + Skin.HasSetting(ArtworkContext) + !Skin.HasSetting(ArtworkAuto)">XBMC.RunScript(script.artwork.downloader, mode=gui, mediatype=tvshow, dbid=$INFO[ListItem.DBID])</onclick>
			<onclick condition="Container.Content(musicvideos) + Skin.HasSetting(ArtworkContext) + Skin.HasSetting(ArtworkAuto)">XBMC.RunScript(script.artwork.downloader, mediatype=musicvideos, dbid=$INFO[ListItem.DBID])</onclick>
			<onclick condition="Container.Content(musicvideos) + Skin.HasSetting(ArtworkContext) + !Skin.HasSetting(ArtworkAuto)">XBMC.RunScript(script.artwork.downloader, mode=gui, mediatype=musicvideo, dbid=$INFO[ListItem.DBID])</onclick>
		</control>
	</include>

	<!--<include name="TrailerButton">
		<control type="button" id="995">
			<label>$LOCALIZE[20410]</label>
			<width>450</width>
			<height>60</height>
			<font>font14</font>
			<align>left</align>
			<textoffsetx>15</textoffsetx>
			<textcolor>grey2</textcolor>
			<focusedcolor>white</focusedcolor>
			<texturefocus border="5">button_middle_focus.png</texturefocus>
			<texturenofocus border="5">button_middle3.png</texturenofocus>
			<onclick condition="!IsEmpty(ListItem.Trailer)">PlayMedia($ESCINFO[ListItem.Trailer])</onclick>
			<onclick condition="IsEmpty(ListItem.Trailer)">ActivateWindow(videos,$ESCINFO[ListItem.Label,plugin://plugin.video.youtube/?path=/root/search&amp;feed=search&amp;search=, Trailer],return)</onclick>
			<visible>Container.Content(movies)</visible>
		</control>
	</include>-->
	<!-- System windows -->
	<include name="SystemLeftPanel">
		<control type="image">
			<left>50</left>
			<top>874</top>
			<width>420</width>
			<height>904</height>
			<texture border="40">panel_reflect.png</texture>
		</control>
		<control type="image">
			<left>50</left>
			<top>0</top>
			<width>420</width>
			<height>904</height>
			<texture colordiffuse="E6FFFFFF" border="40">listpanel_back.png</texture>
		</control>
	</include>
	<include name="SystemRightPanel">
		<control type="image">
			<left>490</left>
			<top>874</top>
			<width>1380</width>
			<height>904</height>
			<texture border="40">panel_reflect.png</texture>
		</control>
		<control type="image">
			<left>490</left>
			<top>0</top>
			<width>1380</width>
			<height>904</height>
			<texture colordiffuse="E6FFFFFF" border="40">listpanel_back.png</texture>
		</control>
	</include>
	<!-- Extras -->
	<include name="PlayListStatsList">
		<control type="list" id="43260">
			<visible>StringCompare(Container(9000).ListItem.Property(InfoLine),9) | StringCompare(Container(9000).ListItem.Property(InfoLine),10) | StringCompare(Container(9000).ListItem.Property(InfoLine),11)</visible>
			<posx>0</posx>
			<posy>0</posy>
			<width>1</width>
			<height>1</height>
			<focusedlayout/>
			<itemlayout/>
			<content>$VAR[PlaylistStatsContentVar]</content>
		</control>
	</include>
	<include name="HomeSearchButton">
		<control type="button" id="9027">
			<label></label>
			<textoffsetx>0</textoffsetx>
			<width>50</width>
			<height>41</height>
			<align>center</align>
			<font>IconTiny</font>
			<textcolor>grey</textcolor>
			<shadowcolor>shadow</shadowcolor>
			<onclick>RunAddon(script.globalsearch)</onclick>
			<animation type="Visible">
				<effect type="fade" start="0" end="100" tween="sine" easing="inout" time="300" />
				<effect type="zoom" start="50" end="100" center="auto" tween="sine" easing="inout" time="300" />
			</animation>
			<animation type="Hidden">
				<effect type="fade" start="100" end="0" tween="sine" easing="inout" time="300" />
				<effect type="zoom" start="100" end="50" center="auto" tween="sine" easing="inout" time="300" />
			</animation>
		</control>
	</include>
	<include name="ExtendedInfoAutoComplete">
		<control type="group">
			<animation effect="fade" start="100" end="0" time="300" condition="IsEmpty(Container(5000).ListItem.Label)">conditional</animation>
			<control type="image">
				<description>background image</description>
				<left>0</left>
				<top>540</top>
				<width>1340</width>
				<height>220</height>
				<texture border="40">dialogs/default/bg.png</texture>
			</control>
			<control type="image">
				<left>30</left>
				<top>572</top>
				<width>1280</width>
				<height>161</height>
				<texture border="5">dialogs/default/inner.png</texture>
			</control>
			<control type="panel" id="5000">
				<left>30</left>
				<top>572</top>
				<width>1280</width>
				<height>160</height>
				<onleft>5000</onleft>
				<onright>5000</onright>
				<onup>4000</onup>
				<ondown>4000</ondown>
				<onback>noop</onback>
				<orientation>vertical</orientation>
				<visible></visible>
				<scrolltime tween="quadratic" easing="out">200</scrolltime>
				<itemlayout height="80" width="320">
					<control type="image">
						<width>320</width>
						<height>80</height>
						<texture border="4">thumbs/panel_border.png</texture>
					</control>
					<control type="label">
						<width>320</width>
						<height>80</height>
						<align>center</align>
						<textcolor>grey2</textcolor>
						<font>font15</font>
						<label>$INFO[ListItem.Label]</label>
					</control>
				</itemlayout>
				<focusedlayout height="80" width="320">
					<control type="image">
						<width>320</width>
						<height>80</height>
						<texture border="4">thumbs/panel_border.png</texture>
						<visible>!Control.HasFocus(5000)</visible>
					</control>
					<control type="image">
						<width>320</width>
						<height>80</height>
						<texture border="4">button_middle_focus.png</texture>
						<visible>Control.HasFocus(5000)</visible>
					</control>
					<control type="label">
						<width>320</width>
						<height>80</height>
						<align>center</align>
						<font>font15</font>
						<label>$INFO[ListItem.Label]</label>
					</control>
				</focusedlayout>
				<content>plugin://script.extendedinfo?info=autocomplete&amp;&amp;id=$INFO[Control.GetLabel(312).index(1)]&amp;&amp;limit=8</content>
			</control>
		</control>
	</include>
	<!-- Textviewer -->
	<include name="TextviewerAddonInfo">
		<control type="textbox" id="5">
			<description>textarea</description>
			<left>552</left>
			<top>32</top>
			<width>1256</width>
			<height>840</height>
			<font>font15_textbox</font>
			<align>center</align>
			<textcolor>grey2</textcolor>
			<pagecontrol>61</pagecontrol>
		</control>
	</include>
	<include name="TextviewerNoAddonInfo">
		<control type="textbox" id="5">
			<description>textarea</description>
			<left>552</left>
			<top>92</top>
			<width>1256</width>
			<height>800</height>
			<font>font16_textbox</font>
			<align>left</align>
			<textcolor>grey2</textcolor>
			<pagecontrol>61</pagecontrol>
		</control>
	</include>
	<include name="AutoConfig">
		<!-- <onload>Skin.ResetSettings</onload> -->
		<onload>Skin.SetString(VideoOSDImages,$LOCALIZE[31220])</onload>
		<!-- <onload>Skin.SetBool()</onload> -->
		<onload>Skin.SetBool(AutoConfigHasRun)</onload>
	</include>
</includes>
