<?xml version="1.0" encoding="UTF-8"?>
<window>
	<allowoverlay>no</allowoverlay>
	<include condition="!Skin.HasSetting(AutoConfigHasRun)">AutoConfig</include>
	<onload>RunScript(script.favourites)</onload>
	<onload condition="System.HasAddon(script.artistslideshow)">RunScript(script.artistslideshow, daemon=True)</onload>
	<onload condition="System.HasAddon(script.skin.info.service)">RunScript(script.skin.info.service)</onload>
	<onload condition="!System.HasAddon(script.tv.show.next.aired)">Skin.SetBool(Disable.NextAired)</onload>
	<onload condition="System.HasAddon(script.toolbox)">RunScript(script.toolbox,daemon=True,radius=30)</onload>
	<onload condition="IsEmpty(Skin.String(Overlay.Toggle))">SetProperty(Overlay.Path,overlays/showcase/,home)</onload>
	<onload condition="IsEmpty(Skin.String(WeatherFanartDir))">Skin.SetString(WeatherFanartDir,http://aeon-nox-background-packs.googlecode.com/svn/trunk/weather-fanart/default/)</onload>
	<onload condition="StringCompare(Skin.String(Overlay.Toggle),1)">SetProperty(Overlay.Path,overlays/showcase/1/,home)</onload>
	<onload condition="StringCompare(Skin.String(Overlay.Toggle),2)">SetProperty(Overlay.Path,overlays/showcase/2/,home)</onload>
	<onload condition="StringCompare(Skin.String(Overlay.Toggle),3)">SetProperty(Overlay.Path,overlays/showcase/3/,home)</onload>
	<onload condition="Skin.HasSetting(Disable.Resumable)">SetProperty(Overlay.Resumable,True,home)</onload>
	<onload>ReplaceWindow($INFO[System.StartupWindow])</onload>
	<controls />
</window>