<?xml version="1.0" encoding="UTF-8"?>
<addon id="script.icechannel.extn.xunitytalk" version="0.4.70" name=".[COLOR blue]X[/COLOR]unity Talk iStream Extensions" provider-name="[COLOR blue]X[/COLOR]unity[COLOR blue]T[/COLOR]alk">
    <requires>
        <import addon="xbmc.python" version="2.1.0"/>
        <import addon="repository.istream" version="1.0"/> 
	    <import addon="script.icechannel" version="0.0.1"/>
	    <import addon="script.module.requests" version="0.0.1"/>
    </requires>
	<extension library="default.py" point="xbmc.service" />
		<summary lang="en">iStream Extensions by xunitytalk.com</summary>
    <extension point="xbmc.python.module" library="lib" />
    <extension point="xbmc.addon.metadata">
		<description lang="en">iStream Extensions by Xunity Talk Movies Tv Shows Kids Live</description>
		<!--<provides>video</provides>-->
		<platform></platform>
		<language></language>
		<license></license>
		<forum></forum>
		<website></website>
		<source></source>
		<email></email>
    </extension>
  <extension point="xbmc.service" library="service.py" start="login" />
</addon>
