<?xml version="1.0" encoding="UTF-8" standalone="yes"?>
<addon id="plugin.video.whatthefurk" name="What the Furk" version="0" provider-name="kinkin">
    <requires>
        <import addon="xbmc.python" version="2.1.0"/>
        <import addon="script.module.t0mm0.common" version="1.1.0"/>
        <import addon="script.module.metahandler"/>
        <import addon="script.module.urlresolver"/>
        <import addon="script.module.requests"/>
    </requires>
    <extension point="xbmc.python.pluginsource"
               	library="default.py">
        <provides>audio video</provides>
    </extension>
    <extension point="xbmc.service"
             	library="service.py" start="startup">
	</extension>
    <extension point="xbmc.addon.metadata">
        <platform>all</platform>
        <summary>Browse and stream videos and music from furk.net</summary>
        <description>If you're seeing this message it means the add-on is still updating, please wait for the update process to complete.</description>
    </extension>
	
</addon>
