<?xml version="1.0" encoding="UTF-8" standalone="yes"?>
<addon id="ruuk.addon.repository" name="None" version="0" provider-name="Rick Phillips (ruuk)">
	<extension point="xbmc.addon.metadata">
		<platform>all</platform>
		<summary lang="en">ruuk's Addon Repo</summary>
		<description>If you're seeing this message it means the add-on is still updating, please wait for the update process to complete.</description>
	</extension>
	<extension point="xbmc.addon.repository"
		name="ruuk's addon repository">
		<info>https://raw.githubusercontent.com/ruuk/repository/master/beta/addons.xml</info>
		<checksum>https://raw.githubusercontent.com/ruuk/repository/master/beta/addons.xml.md5</checksum>
		<datadir zip="true">https://raw.githubusercontent.com/ruuk/repository/master/beta/</datadir>
	</extension>
</addon>
