<?xml version="1.0" encoding="UTF-8"?>
<window>
	<defaultcontrol always="true">9000</defaultcontrol>
	<allowoverlay>no</allowoverlay>
	<onunload condition="Container(9000).Hasfocus(10) | Container(9000).Hasfocus(11) | ControlGroup(9010).HasFocus | ControlGroup(9016).HasFocus | ControlGroup(9017).HasFocus">SetProperty(VideosDirectLink,True)</onunload>
	<onunload condition="Control.HasFocus(9000) + Container(9000).Hasfocus(2)">ClearProperty(VideosDirectLink)</onunload>
	<controls>
		<include>CommonBackground</include>
		<control type="image">
			<left>0</left>
			<top>90r</top>
			<width>1280</width>
			<height>90</height>
			<colordiffuse fallback="FF000000">$VAR[Color1]</colordiffuse>
			<texture>floornew.png</texture>
			<animation effect="fade" time="250" condition="Window.Previous(Home)">WindowOpen</animation>
			<animation effect="fade" time="250" condition="Window.Next(Home)">WindowClose</animation>
			<visible>!Skin.HasSetting(SkinMod) + !Skin.HasSetting(KidsProfile)</visible>
		</control>
		<control type="image">
			<description>LOGO</description>
			<left>10</left>
			<top>10</top>
			<width>100</width>
			<height>50</height>
			<aspectratio aligny="top" align="left">keep</aspectratio>
			<texture>kodi-logo.png</texture>
			<include>VisibleFadeEffect</include>
			<include>Window_OpenClose_Animation</include>
			<visible>!Skin.HasSetting(homepageWeatherinfo)</visible>
		</control>
		<!-- Music Info -->
		<control type="group">
			<left>0</left>
			<top>60</top>
			<visible>Player.HasAudio + !Skin.HasSetting(homepageMusicinfo)</visible>
			<include>VisibleFadeEffect</include>
			<include>Window_OpenClose_Animation</include>
			<control type="image">
				<description>Cover image</description>
				<left>20</left>
				<top>45</top>
				<width>130</width>
				<height>295</height>
				<aspectratio aligny="bottom">keep</aspectratio>
				<texture fallback="DefaultAlbumCover.png">$INFO[Player.Art(thumb)]</texture>
				<bordertexture border="8">ThumbBorder.png</bordertexture>
				<bordersize>5</bordersize>
			</control>
			<control type="label">
				<description>Album Label</description>
				<left>170</left>
				<top>265</top>
				<height>25</height>
				<width>1000</width>
				<label>$INFO[MusicPlayer.Artist,, - ]$INFO[MusicPlayer.Album]$INFO[musicplayer.discnumber, - $LOCALIZE[427]:]</label>
				<align>left</align>
				<aligny>center</aligny>
				<font>font12</font>
				<textcolor>white</textcolor>
				<shadowcolor>black</shadowcolor>
			</control>
			<control type="label">
				<description>Title label</description>
				<left>170</left>
				<top>285</top>
				<height>30</height>
				<width>1000</width>
				<label>$INFO[Player.Title]</label>
				<align>left</align>
				<aligny>center</aligny>
				<font>font13_title</font>
				<textcolor>white</textcolor>
				<shadowcolor>black</shadowcolor>
			</control>
			<control type="label">
				<description>Time Label</description>
				<left>170</left>
				<top>310</top>
				<height>30</height>
				<width>300</width>
				<label>$INFO[Player.Time]$INFO[Player.Duration,[COLOR=blue] / [/COLOR]]</label>
				<align>left</align>
				<aligny>center</aligny>
				<font>font12</font>
				<textcolor>white</textcolor>
				<shadowcolor>black</shadowcolor>
			</control>
		</control>
		<!-- LiveTV Info -->
		<control type="group">
			<left>490r</left>
			<top>70</top>
			<visible>Container(9000).HasFocus(12) + [PVR.IsRecording | PVR.HasNonRecordingTimer]</visible>
			<include>VisibleFadeEffect</include>
			<include>Window_OpenClose_Animation</include>
			<animation effect="fade" start="100" end="0" time="200" condition="Window.IsActive(Favourites)">conditional</animation>
			<control type="group">
				<animation effect="slide" start="0,0" end="0,100" time="0" condition="PVR.IsRecording">conditional</animation>
				<visible>PVR.HasNonRecordingTimer</visible>
				<control type="image">
					<left>0</left>
					<top>-5</top>
					<width>490</width>
					<height>90</height>
					<texture>gradient.png</texture>
				</control>
				<control type="image">
					<left>400</left>
					<top>0</top>
					<width>80</width>
					<height>80</height>
					<aspectratio>keep</aspectratio>
					<texture background="true" fallback="DefaultVideoCover.png">$INFO[PVR.NextRecordingChannelIcon]</texture>
					<bordertexture border="8">ThumbBorder.png</bordertexture>
					<bordersize>4</bordersize>
				</control>
				<control type="image">
					<left>365</left>
					<top>5</top>
					<width>25</width>
					<height>25</height>
					<aspectratio>keep</aspectratio>
					<texture>PVR-HasTimer.png</texture>
				</control>
				<control type="label">
					<description>Next Timer Header label</description>
					<left>-45</left>
					<top>5</top>
					<height>25</height>
					<width>400</width>
					<label>$LOCALIZE[19157]</label>
					<align>right</align>
					<aligny>center</aligny>
					<font>font12_title</font>
					<textcolor>blue</textcolor>
					<shadowcolor>black</shadowcolor>
				</control>
				<control type="label">
					<description>NextRecordingDateTime</description>
					<left>-10</left>
					<top>30</top>
					<height>25</height>
					<width>400</width>
					<label>$INFO[PVR.NextRecordingDateTime,$LOCALIZE[19126] - ]</label>
					<align>right</align>
					<aligny>center</aligny>
					<font>font12</font>
					<scroll>true</scroll>
					<shadowcolor>black</shadowcolor>
				</control>
				<control type="label">
					<description>NextRecordingTitle Channel</description>
					<left>-410</left>
					<top>50</top>
					<height>25</height>
					<width>800</width>
					<label>$INFO[PVR.NextRecordingTitle][COLOR=grey]$INFO[PVR.NextRecordingChannel, - [COLOR=blue]([/COLOR],[COLOR=blue])[/COLOR]][/COLOR]</label>
					<align>right</align>
					<aligny>center</aligny>
					<font>font12_title</font>
					<shadowcolor>black</shadowcolor>
					<scroll>true</scroll>
				</control>
			</control>
			<control type="group">
				<visible>PVR.IsRecording</visible>
				<control type="image">
					<left>0</left>
					<top>-5</top>
					<width>490</width>
					<height>90</height>
					<texture>gradient.png</texture>
				</control>
				<control type="image">
					<left>400</left>
					<top>0</top>
					<width>80</width>
					<height>80</height>
					<aspectratio>keep</aspectratio>
					<texture background="true" fallback="DefaultVideoCover.png">$INFO[PVR.NowRecordingChannelIcon]</texture>
					<bordertexture border="8">ThumbBorder.png</bordertexture>
					<bordersize>4</bordersize>
				</control>
				<control type="image">
					<left>360</left>
					<top>5</top>
					<width>30</width>
					<height>25</height>
					<aspectratio>keep</aspectratio>
					<texture>PVR-IsRecording.png</texture>
				</control>
				<control type="label">
					<description>Is Recording Header label</description>
					<left>-50</left>
					<top>5</top>
					<height>25</height>
					<width>400</width>
					<label>$LOCALIZE[19158]</label>
					<align>right</align>
					<aligny>center</aligny>
					<font>font12_title</font>
					<textcolor>blue</textcolor>
					<shadowcolor>black</shadowcolor>
				</control>
				<control type="label">
					<description>NextRecordingDateTime</description>
					<left>-10</left>
					<top>30</top>
					<height>25</height>
					<width>400</width>
					<label>$INFO[PVR.NowRecordingDateTime,$LOCALIZE[19126] - ]</label>
					<align>right</align>
					<aligny>center</aligny>
					<font>font12</font>
					<scroll>true</scroll>
					<shadowcolor>black</shadowcolor>
				</control>
				<control type="label">
					<description>NextRecordingTitle Channel</description>
					<left>-410</left>
					<top>50</top>
					<height>30</height>
					<width>800</width>
					<label>$INFO[PVR.NowRecordingTitle][COLOR=grey]$INFO[PVR.NowRecordingChannel, - [COLOR=blue]([/COLOR],[COLOR=blue])[/COLOR]][/COLOR]</label>
					<align>right</align>
					<aligny>center</aligny>
					<font>font12_title</font>
					<shadowcolor>black</shadowcolor>
					<scroll>true</scroll>
				</control>
			</control>
		</control>
		<!-- Video Info -->
		<control type="group">
			<left>0</left>
			<top>50</top>
			<visible>Player.HasVideo + !Skin.HasSetting(homepageVideoinfo)</visible>
			<include>VisibleFadeEffect</include>
			<include>Window_OpenClose_Animation</include>
			<control type="group">
				<visible>!VideoPlayer.Content(Movies) + !VideoPlayer.Content(Episodes) + !VideoPlayer.Content(LiveTV)</visible>
				<control type="image">
					<description>Cover image</description>
					<left>20</left>
					<top>45</top>
					<width>150</width>
					<height>300</height>
					<aspectratio aligny="bottom">keep</aspectratio>
					<texture fallback="DefaultVideoCover.png">$INFO[Player.Art(thumb)]</texture>
					<bordertexture border="8">ThumbBorder.png</bordertexture>
					<bordersize>5</bordersize>
				</control>
				<control type="label">
					<description>Title label</description>
					<left>190</left>
					<top>285</top>
					<height>30</height>
					<width>1000</width>
					<label>$INFO[Player.Title]</label>
					<align>left</align>
					<aligny>center</aligny>
					<font>font13_title</font>
					<textcolor>white</textcolor>
					<shadowcolor>black</shadowcolor>
				</control>
				<control type="label">
					<description>Time Label</description>
					<left>190</left>
					<top>310</top>
					<height>30</height>
					<width>300</width>
					<label>$INFO[Player.Time]$INFO[Player.Duration,[COLOR=blue] / [/COLOR]]</label>
					<align>left</align>
					<aligny>center</aligny>
					<font>font12</font>
					<textcolor>white</textcolor>
					<shadowcolor>black</shadowcolor>
				</control>
			</control>
			<control type="group">
				<visible>VideoPlayer.Content(LiveTV)</visible>
				<control type="image">
					<description>Cover image</description>
					<left>20</left>
					<top>45</top>
					<width>120</width>
					<height>300</height>
					<aspectratio aligny="bottom">keep</aspectratio>
					<texture fallback="DefaultVideoCover.png">$INFO[Player.Art(thumb)]</texture>
					<bordertexture border="8">ThumbBorder.png</bordertexture>
					<bordersize>5</bordersize>
				</control>
				<control type="label">
					<description>Channel label</description>
					<left>160</left>
					<top>265</top>
					<height>25</height>
					<width>660</width>
					<label>$INFO[VideoPlayer.ChannelName]</label>
					<align>left</align>
					<aligny>center</aligny>
					<font>font12</font>
					<textcolor>white</textcolor>
					<shadowcolor>black</shadowcolor>
				</control>
				<control type="label">
					<description>Title label</description>
					<left>160</left>
					<top>285</top>
					<height>30</height>
					<width>1000</width>
					<label>$INFO[Player.Title]</label>
					<align>left</align>
					<aligny>center</aligny>
					<font>font13_title</font>
					<textcolor>white</textcolor>
					<shadowcolor>black</shadowcolor>
				</control>
				<control type="label">
					<description>Time Label</description>
					<left>160</left>
					<top>310</top>
					<height>30</height>
					<width>300</width>
					<label>$INFO[Player.Time]$INFO[Player.Duration,[COLOR=blue] / [/COLOR]]</label>
					<align>left</align>
					<aligny>center</aligny>
					<font>font12</font>
					<textcolor>white</textcolor>
					<shadowcolor>black</shadowcolor>
				</control>
			</control>
			<control type="group">
				<visible>VideoPlayer.Content(Movies)</visible>
				<control type="image">
					<description>Cover image</description>
					<left>20</left>
					<top>45</top>
					<width>120</width>
					<height>300</height>
					<aspectratio aligny="bottom">keep</aspectratio>
					<texture fallback="DefaultVideoCover.png">$INFO[Player.Art(thumb)]</texture>
					<bordertexture border="8">ThumbBorder.png</bordertexture>
					<bordersize>5</bordersize>
				</control>
				<control type="label">
					<description>Studio label</description>
					<left>160</left>
					<top>265</top>
					<height>25</height>
					<width>1000</width>
					<label>$INFO[VideoPlayer.Studio]</label>
					<align>left</align>
					<aligny>center</aligny>
					<font>font12</font>
					<textcolor>white</textcolor>
					<shadowcolor>black</shadowcolor>
				</control>
				<control type="label">
					<description>Title label</description>
					<left>160</left>
					<top>285</top>
					<height>30</height>
					<width>1000</width>
					<label>$INFO[Player.Title]$INFO[VideoPlayer.Year,[COLOR=grey] (,)[/COLOR]]</label>
					<align>left</align>
					<aligny>center</aligny>
					<font>font13_title</font>
					<textcolor>white</textcolor>
					<shadowcolor>black</shadowcolor>
				</control>
				<control type="label">
					<description>Time Label</description>
					<left>160</left>
					<top>310</top>
					<height>30</height>
					<width>300</width>
					<label>$INFO[Player.Time]$INFO[Player.Duration,[COLOR=blue] / [/COLOR]]</label>
					<align>left</align>
					<aligny>center</aligny>
					<font>font12</font>
					<textcolor>white</textcolor>
					<shadowcolor>black</shadowcolor>
				</control>
			</control>
			<control type="group">
				<visible>VideoPlayer.Content(Episodes)</visible>
				<control type="image">
					<description>Cover image</description>
					<left>20</left>
					<top>225</top>
					<width>180</width>
					<height>120</height>
					<aspectratio>scale</aspectratio>
					<texture fallback="DefaultVideoCover.png">$INFO[Player.Art(thumb)]</texture>
					<bordertexture border="8">ThumbBorder.png</bordertexture>
					<bordersize>5</bordersize>
				</control>
				<control type="label">
					<description>TV Show Season Ep Label</description>
					<left>210</left>
					<top>265</top>
					<height>25</height>
					<width>1000</width>
					<label>$INFO[VideoPlayer.TVShowTitle] ($INFO[VideoPlayer.Season,$LOCALIZE[20373] , - ]$INFO[VideoPlayer.episode,$LOCALIZE[20359] ,])</label>
					<align>left</align>
					<aligny>center</aligny>
					<font>font12</font>
					<textcolor>white</textcolor>
					<shadowcolor>black</shadowcolor>
				</control>
				<control type="label">
					<description>Title label</description>
					<left>210</left>
					<top>285</top>
					<height>30</height>
					<width>1000</width>
					<label>$INFO[Player.Title]</label>
					<align>left</align>
					<aligny>center</aligny>
					<font>font13_title</font>
					<textcolor>white</textcolor>
					<shadowcolor>black</shadowcolor>
				</control>
				<control type="label">
					<description>Time Label</description>
					<left>210</left>
					<top>310</top>
					<height>30</height>
					<width>300</width>
					<label>$INFO[Player.Time]$INFO[Player.Duration,[COLOR=blue] / [/COLOR]]</label>
					<align>left</align>
					<aligny>center</aligny>
					<font>font12</font>
					<textcolor>white</textcolor>
					<shadowcolor>black</shadowcolor>
				</control>
			</control>
		</control>
		<include condition="!Skin.HasSetting(HomepageHideRecentlyAddedVideo) | !Skin.HasSetting(HomepageHideRecentlyAddedAlbums)">HomeRecentlyAddedInfo</include>
		<control type="button" id="9003">
			<description>Hidden Button to pass through navigation when recently added is disabled</description>
			<left>-20</left>
			<top>-20</top>
			<width>1</width>
			<height>1</height>
			<label>-</label>
			<font>-</font>
			<texturefocus>-</texturefocus>
			<texturenofocus>-</texturenofocus>
			<onleft>9000</onleft>
			<onright>9000</onright>
			<onup>20</onup>
			<ondown>608</ondown>
			<visible>false</visible>
		</control>
		<control type="group">
			<description>Controls for currently playing media</description>
			<left>545r</left>
			<top>370</top>
			<animation effect="slide" start="0,0" end="365,0" time="300" condition="!Player.HasMedia">conditional</animation>
			<animation type="WindowOpen" reversible="false">
				<effect type="zoom" start="80" end="100" center="640,360" easing="out" tween="back" time="300"/>
				<effect type="fade" start="0" end="100" time="300"/>
			</animation>
			<animation type="WindowClose" reversible="false">
				<effect type="zoom" start="100" end="80" center="640,360" easing="in" tween="back" time="300"/>
				<effect type="fade" start="100" end="0" time="300"/>
			</animation>
			<control type="image">
				<description>Background End image</description>
				<left>0</left>
				<top>0</top>
				<width>35</width>
				<height>35</height>
				<colordiffuse>CCFFFFFF</colordiffuse>
				<texture colordiffuse="$VAR[Color1]" flipy="true" border="0,5,0,0" flipx="true">HomeSubEnd.png</texture>
				<animation effect="slide" start="0,0" end="145,0" time="0" condition="!System.HasAddon(script.globalsearch)">Conditional</animation>>
				<visible>[!Skin.HasSetting(SkinMod) | Player.HasMedia] + !Skin.HasSetting(KidsProfile)</visible>
			</control>
			<control type="radiobutton" id="608">
				<colordiffuse>CCFFFFFF</colordiffuse>
				<description>Global Search</description>
				<left>35</left>
				<top>0</top>
				<height>35</height>
				<width>145</width>
				<textwidth>150</textwidth>
				<textoffsetx>10</textoffsetx>
				<align>left</align>
				<aligny>center</aligny>
				<font>font12</font>
				<textcolor>grey2</textcolor>
				<focusedcolor>white</focusedcolor>
				<texturefocus colordiffuse="$VAR[ColorFO1]" flipy="true" border="5">HomeSubFO.png</texturefocus>
				<texturenofocus colordiffuse="$VAR[Color1]" flipy="true" border="5">HomeSubNF.png</texturenofocus>
				<pulseonselect>false</pulseonselect>
				<label>137</label>
				<onclick>RunScript(script.globalsearch)</onclick>
				<textureradioonfocus>icon_search.png</textureradioonfocus>
				<textureradioonnofocus>icon_search.png</textureradioonnofocus>
				<textureradioofffocus>icon_search.png</textureradioofffocus>
				<textureradiooffnofocus>icon_search.png</textureradiooffnofocus>
				<onleft>607</onleft>
				<onright>601</onright>
				<onup>9003</onup>
				<ondown>9000</ondown>
				<visible>System.HasAddon(script.globalsearch) + !Skin.HasSetting(SkinMod) + !Skin.HasSetting(KidsProfile)</visible>
			</control>
			<control type="group" id="600">
				<left>180</left>
				<onup>9003</onup>
				<ondown>9000</ondown>
				<defaultcontrol>-</defaultcontrol>
				<enable>Player.HasMedia</enable>
				<control type="image">
					<description>Background image</description>
					<left>0</left>
					<top>0</top>
					<width>205</width>
					<height>35</height>
					<texture colordiffuse="$VAR[Color1]" flipy="true" border="0,5,0,0">HomeSubNFnew.png</texture>
				</control>
				<control type="group">
					<visible>!VideoPlayer.Content(LiveTV)</visible>
					<control type="button" id="601">
						<left>10</left>
						<top>2</top>
						<width>30</width>
						<height>30</height>
						<label>-</label>
						<texturefocus>OSDPrevTrackFO.png</texturefocus>
						<texturenofocus>OSDPrevTrackNF.png</texturenofocus>
						<onleft>608</onleft>
						<onright>602</onright>
						<onup>9003</onup>
						<ondown>9000</ondown>
						<onclick>PlayerControl(Previous)</onclick>
					</control>
					<control type="button" id="602">
						<left>40</left>
						<top>2</top>
						<width>30</width>
						<height>30</height>
						<label>-</label>
						<texturefocus>OSDRewindFO.png</texturefocus>
						<texturenofocus>OSDRewindNF.png</texturenofocus>
						<onleft>601</onleft>
						<onright>603</onright>
						<onup>9003</onup>
						<ondown>9000</ondown>
						<onclick>PlayerControl(Rewind)</onclick>
					</control>
					<control type="togglebutton" id="603">
						<left>70</left>
						<top>2</top>
						<width>30</width>
						<height>30</height>
						<label>-</label>
						<texturefocus>OSDPauseFO.png</texturefocus>
						<texturenofocus>OSDPauseNF.png</texturenofocus>
						<usealttexture>Player.Paused | Player.Forwarding | Player.Rewinding</usealttexture>
						<alttexturefocus>OSDPlayFO.png</alttexturefocus>
						<alttexturenofocus>OSDPlayNF.png</alttexturenofocus>
						<onleft>602</onleft>
						<onright>604</onright>
						<onup>9003</onup>
						<ondown>9000</ondown>
						<onclick>PlayerControl(Play)</onclick>
					</control>
					<control type="button" id="604">
						<left>100</left>
						<top>2</top>
						<width>30</width>
						<height>30</height>
						<label>-</label>
						<texturefocus>OSDStopFO.png</texturefocus>
						<texturenofocus>OSDStopNF.png</texturenofocus>
						<onleft>603</onleft>
						<onright>605</onright>
						<onup>9003</onup>
						<ondown>9000</ondown>
						<onclick>down</onclick>
						<onclick>PlayerControl(Stop)</onclick>
					</control>
					<control type="button" id="605">
						<left>130</left>
						<top>2</top>
						<width>30</width>
						<height>30</height>
						<label>-</label>
						<texturefocus>OSDForwardFO.png</texturefocus>
						<texturenofocus>OSDForwardNF.png</texturenofocus>
						<onleft>604</onleft>
						<onright>606</onright>
						<onup>9003</onup>
						<ondown>9000</ondown>
						<onclick>PlayerControl(Forward)</onclick>
					</control>
					<control type="button" id="606">
						<left>160</left>
						<top>2</top>
						<width>30</width>
						<height>30</height>
						<label>-</label>
						<texturefocus>OSDNextTrackFO.png</texturefocus>
						<texturenofocus>OSDNextTrackNF.png</texturenofocus>
						<onleft>605</onleft>
						<onright>607</onright>
						<onup>9003</onup>
						<ondown>9000</ondown>
						<onclick>PlayerControl(Next)</onclick>
					</control>
				</control>
				<control type="group" id="600">
					<visible>VideoPlayer.Content(LiveTV)</visible>
					<control type="button" id="601">
						<left>10</left>
						<top>2</top>
						<width>30</width>
						<height>30</height>
						<label>-</label>
						<texturefocus>OSDChannelUPFO.png</texturefocus>
						<texturenofocus>OSDChannelUPNF.png</texturenofocus>
						<onleft>608</onleft>
						<onright>602</onright>
						<onup>9003</onup>
						<ondown>9000</ondown>
						<onclick>ChannelDown</onclick>
					</control>
					<control type="button" id="602">
						<left>40</left>
						<top>2</top>
						<width>30</width>
						<height>30</height>
						<label>-</label>
						<texturefocus>OSDChannelDownFO.png</texturefocus>
						<texturenofocus>OSDChannelDownNF.png</texturenofocus>
						<onleft>601</onleft>
						<onright>603</onright>
						<onup>9003</onup>
						<ondown>9000</ondown>
						<onclick>ChannelUp</onclick>
					</control>
					<control type="button" id="603">
						<left>70</left>
						<top>2</top>
						<width>30</width>
						<height>30</height>
						<label>-</label>
						<texturefocus>OSDStopFO.png</texturefocus>
						<texturenofocus>OSDStopNF.png</texturenofocus>
						<onleft>602</onleft>
						<onright>604</onright>
						<onup>9003</onup>
						<ondown>9000</ondown>
						<onclick>down</onclick>
						<onclick>PlayerControl(Stop)</onclick>
					</control>
					<control type="togglebutton" id="604">
						<left>100</left>
						<top>2</top>
						<width>30</width>
						<height>30</height>
						<label>-</label>
						<texturefocus>OSDPauseFO.png</texturefocus>
						<texturenofocus>OSDPauseNF.png</texturenofocus>
						<usealttexture>Player.Paused | Player.Forwarding | Player.Rewinding</usealttexture>
						<alttexturefocus>OSDPlayFO.png</alttexturefocus>
						<alttexturenofocus>OSDPlayNF.png</alttexturenofocus>
						<onleft>603</onleft>
						<onright>606</onright>
						<onup>9003</onup>
						<ondown>9000</ondown>
						<onclick>PlayerControl(Play)</onclick>
						<enable>Player.PauseEnabled</enable>
						<animation effect="fade" start="100" end="30" time="100" condition="!Player.PauseEnabled">Conditional</animation>
					</control>
					<control type="button" id="606">
						<left>160</left>
						<top>2</top>
						<width>30</width>
						<height>30</height>
						<label>-</label>
						<texturefocus>OSDRecordOffFO.png</texturefocus>
						<texturenofocus>OSDRecordOffNF.png</texturenofocus>
						<onleft>604</onleft>
						<onright>607</onright>
						<onup>9003</onup>
						<ondown>9000</ondown>
						<onclick>PlayerControl(record)</onclick>
					</control>
				</control>
			</control>
			<control type="radiobutton" id="607">
				<colordiffuse>CCFFFFFF</colordiffuse>
				<description>Go to fullscreen Playback</description>
				<left>385</left>
				<top>0</top>
				<height>35</height>
				<width>160</width>
				<textwidth>150</textwidth>
				<textoffsetx>10</textoffsetx>
				<align>left</align>
				<aligny>center</aligny>
				<font>font12</font>
				<textcolor>grey2</textcolor>
				<focusedcolor>white</focusedcolor>
				<texturefocus colordiffuse="$VAR[ColorFO1]" flipy="true" border="5">HomeSubFO.png</texturefocus>
				<texturenofocus colordiffuse="$VAR[Color1]" flipy="true" border="5">HomeSubNF.png</texturenofocus>
				<pulseonselect>false</pulseonselect>
				<label>31008</label>
				<onclick>fullscreen</onclick>
				<textureradioonfocus>GoFullscreen.png</textureradioonfocus>
				<textureradioonnofocus>GoFullscreen.png</textureradioonnofocus>
				<textureradioofffocus>GoFullscreen.png</textureradioofffocus>
				<textureradiooffnofocus>GoFullscreen.png</textureradiooffnofocus>
				<onleft>606</onleft>
				<onright>608</onright>
				<onup>9003</onup>
				<ondown>9000</ondown>
				<enable>Player.HasMedia</enable>
			</control>
		</control>
		<control type="group">
			<top>400</top>
			<animation type="WindowOpen" reversible="false">
				<effect type="zoom" start="80" end="100" center="640,360" easing="out" tween="back" time="300"/>
				<effect type="fade" start="0" end="100" time="300"/>
			</animation>
			<animation type="WindowClose" reversible="false">
				<effect type="zoom" start="100" end="80" center="640,360" easing="in" tween="back" time="300"/>
				<effect type="fade" start="100" end="0" time="300"/>
			</animation>
			<control type="group" id="9001">
				<left>0</left>
				<top>70</top>
				<onup>9000</onup>
				<ondown>9002</ondown>
				<control type="grouplist" id="9021">
					<include>HomeSubMenuCommonValues</include>
					<onleft>9021</onleft>
					<onright>9021</onright>
					<visible>Container(9000).HasFocus(15)</visible>
					<include>CustomSubMenu1</include> <!-- Buttons for the grouplist -->
				</control>
				<control type="grouplist" id="9022">
					<include>HomeSubMenuCommonValues</include>
					<onleft>9022</onleft>
					<onright>9022</onright>
					<visible>Container(9000).HasFocus(16)</visible>
					<include>CustomSubMenu2</include> <!-- Buttons for the grouplist -->
				</control>
				<control type="grouplist" id="9023">
					<include>HomeSubMenuCommonValues</include>
					<onleft>9023</onleft>
					<onright>9023</onright>
					<visible>Container(9000).HasFocus(17)</visible>
					<include>CustomSubMenu3</include> <!-- Buttons for the grouplist -->
				</control>
				<control type="grouplist" id="9024">
					<include>HomeSubMenuCommonValues</include>
					<onleft>9024</onleft>
					<onright>9024</onright>
					<visible>Container(9000).HasFocus(18)</visible>
					<include>CustomSubMenu4</include> <!-- Buttons for the grouplist -->
				</control>
				<control type="grouplist" id="9025">
					<include>HomeSubMenuCommonValues</include>
					<onleft>9025</onleft>
					<onright>9025</onright>
					<visible>Container(9000).HasFocus(19)</visible>
					<include>CustomSubMenu5</include> <!-- Buttons for the grouplist -->
				</control>
				<control type="grouplist" id="9026">
					<include>HomeSubMenuCommonValues</include>
					<onleft>9026</onleft>
					<onright>9026</onright>
					<visible>Container(9000).HasFocus(20)</visible>
					<include>CustomSubMenu6</include> <!-- Buttons for the grouplist -->
				</control>
				<control type="grouplist" id="9027">
					<include>HomeSubMenuCommonValues</include>
					<onleft>9027</onleft>
					<onright>9021</onright>
					<visible>Container(9000).HasFocus(21)</visible>
					<include>CustomSubMenu7</include> <!-- Buttons for the grouplist -->
				</control>
				<control type="grouplist" id="9028">
					<include>HomeSubMenuCommonValues</include>
					<onleft>9028</onleft>
					<onright>9028</onright>
					<visible>Container(9000).HasFocus(22)</visible>
					<include>CustomSubMenu8</include> <!-- Buttons for the grouplist -->
				</control>
				<control type="grouplist" id="9029">
					<include>HomeSubMenuCommonValues</include>
					<onleft>9029</onleft>
					<onright>9029</onright>
					<visible>Container(9000).HasFocus(23)</visible>
					<include>CustomSubMenu9</include> <!-- Buttons for the grouplist -->
				</control>
				<control type="grouplist" id="9030">
					<include>HomeSubMenuCommonValues</include>
					<onleft>9030</onleft>
					<onright>9030</onright>
					<visible>Container(9000).HasFocus(24)</visible>
					<include>CustomSubMenu10</include> <!-- Buttons for the grouplist -->
				</control>
				<control type="grouplist" id="9031">
					<include>HomeSubMenuCommonValues</include>
					<onleft>9031</onleft>
					<onright>9031</onright>
					<visible>Container(9000).HasFocus(14)</visible>
					<include>HomeSubMenuMusicVideos</include> <!-- Buttons for the grouplist -->
				</control>
				<control type="grouplist" id="9010">
					<include>HomeSubMenuCommonValues</include>
					<onleft>9010</onleft>
					<onright>9010</onright>
					<visible>Container(9000).HasFocus(2)</visible>
					<include>HomeSubMenuVideos</include> <!-- Buttons for the grouplist -->
				</control>
				<control type="grouplist" id="9016">
					<include>HomeSubMenuCommonValues</include>
					<onleft>9016</onleft>
					<onright>9016</onright>
					<visible>Container(9000).HasFocus(10)</visible>
					<include>HomeSubMenuMovies</include> <!-- Buttons for the grouplist -->
				</control>
				<control type="grouplist" id="9017">
					<include>HomeSubMenuCommonValues</include>
					<onleft>9017</onleft>
					<onright>9017</onright>
					<visible>Container(9000).HasFocus(11)</visible>
					<include>HomeSubMenuTVShows</include> <!-- Buttons for the grouplist -->
				</control>
				<control type="grouplist" id="9011">
					<include>HomeSubMenuCommonValues</include>
					<onleft>9011</onleft>
					<onright>9011</onright>
					<visible>Container(9000).HasFocus(3)</visible>
					<include>HomeSubMenuMusic</include> <!-- Buttons for the grouplist -->
				</control>
				<control type="grouplist" id="9012">
					<include>HomeSubMenuCommonValues</include>
					<onleft>9012</onleft>
					<onright>9012</onright>
					<visible>Container(9000).HasFocus(5)</visible>
					<include>HomeSubMenuSystem</include> <!-- Buttons for the grouplist -->
				</control>
				<control type="grouplist" id="9013">
					<include>HomeSubMenuCommonValues</include>
					<onleft>9013</onleft>
					<onright>9013</onright>
					<visible>Container(9000).HasFocus(6)</visible>
					<include>HomeSubMenuPlayDisc</include> <!-- Buttons for the grouplist -->
				</control>
				<control type="grouplist" id="9014">
					<include>HomeSubMenuCommonValues</include>
					<onleft>9014</onleft>
					<onright>9014</onright>
					<visible>Container(9000).HasFocus(12)</visible>
					<include>HomeSubMenuTV</include> <!-- Buttons for the grouplist -->
				</control>
				<control type="grouplist" id="9015">
					<include>HomeSubMenuCommonValues</include>
					<onleft>9013</onleft>
					<onright>9013</onright>
					<visible>Container(9000).HasFocus(4)</visible>
					<include>HomeSubMenuPictures</include> <!-- Buttons for the grouplist -->
				</control>
				<control type="grouplist" id="9016">
					<include>HomeSubMenuCommonValues</include>
					<onleft>9014</onleft>
					<onright>9014</onright>
					<visible>Container(9000).HasFocus(13)</visible>
					<include>HomeSubMenuRadio</include> <!-- Buttons for the grouplist -->
				</control>
			</control>
			<control type="image">
				<left>-100</left>
				<top>0</top>
				<width>1480</width>
				<height>75</height>
				<colordiffuse fallback="FF000000">$VAR[Color1]</colordiffuse>
				<texture border="0,6,0,6">HomeBackNew.png</texture>
			</control>
			<control type="image">
				<left>0</left>
				<top>5</top>
				<width>1280</width>
				<height>6</height>
				<texture>HomeOverlay1.png</texture>
			</control>
			<control type="fixedlist" id="9000">
				<left>-210</left>
				<top>10</top>
				<width>1540</width>
				<height>50</height>
				<onleft>9000</onleft>
				<onright>9000</onright>
				<onup condition="System.HasAddon(script.globalsearch)">608</onup>
				<onup condition="!System.HasAddon(script.globalsearch)">603</onup>
				<ondown>9001</ondown>
				<pagecontrol>-</pagecontrol>
				<scrolltime>300</scrolltime>
				<focusposition>2</focusposition>
				<movement>1</movement>
				<orientation>Horizontal</orientation>
				<itemlayout height="50" width="340">
					<control type="image">
						<left>0</left>
						<top>4</top>
						<width>1</width>
						<height>42</height>
						<texture>HomeSeperator.png</texture>
					</control>
					<control type="image">
						<left>339</left>
						<top>4</top>
						<width>1</width>
						<height>42</height>
						<texture>HomeSeperator.png</texture>
					</control>
					<control type="label">
						<left>5</left>
						<top>0</top>
						<width>330</width>
						<height>50</height>
						<font>font_MainMenu</font>
						<textcolor>grey3</textcolor>
						<align>center</align>
						<aligny>center</aligny>
						<label>$INFO[ListItem.Label]</label>
					</control>
				</itemlayout>
				<focusedlayout height="50" width="340">
					<control type="image">
						<left>0</left>
						<top>4</top>
						<width>1</width>
						<height>42</height>
						<texture>HomeSeperator.png</texture>
					</control>
					<control type="image">
						<left>339</left>
						<top>4</top>
						<width>1</width>
						<height>42</height>
						<texture>HomeSeperator.png</texture>
					</control>
					<control type="label">
						<left>5</left>
						<top>0</top>
						<width>330</width>
						<height>50</height>
						<font>font_MainMenu</font>
						<textcolor>grey3</textcolor>
						<align>center</align>
						<aligny>center</aligny>
						<label>$INFO[ListItem.Label]</label>
					</control>
					<control type="label">
						<left>5</left>
						<top>0</top>
						<width>330</width>
						<height>50</height>
						<font>font_MainMenu</font>
						<textcolor>blue</textcolor>
						<align>center</align>
						<aligny>center</aligny>
						<label>$INFO[ListItem.Label]</label>
						<visible>Control.HasFocus(9000)</visible>
						<include>VisibleFadeEffect</include>
					</control>
				</focusedlayout>
				<content>
					<item id="7">
						<label>31950</label>
						<onclick>ActivateWindow(Weather)</onclick>
						<icon>-</icon>
						<thumb>-</thumb>
						<visible>[!Skin.HasSetting(HomeMenuNoWeatherButton) + !IsEmpty(Weather.Plugin)] + !Skin.HasSetting(SkinMod) + !Skin.HasSetting(KidsProfile)</visible>
					</item>
					<item id="15">
						<label>$INFO[Skin.String(CustomHomeButton1.Label)]</label>
						<onclick>$INFO[Skin.String(CustomHomeButton1.Path)]</onclick>
						<icon>-</icon>
						<thumb>-</thumb>
						<visible>!IsEmpty(Skin.String(CustomHomeButton1.Path)) + !Skin.HasSetting(HomeMenuNoCustomHomeButton1)</visible>
					</item>
					<item id="4">
						<label>31951</label>
						<onclick>ActivateWindow(Pictures)</onclick>
						<icon>-</icon>
						<thumb>-</thumb>
						<visible>!Skin.HasSetting(HomeMenuNoPicturesButton) + !Skin.HasSetting(SkinMod)</visible>
					</item>
					<item id="16">
						<label>$INFO[Skin.String(CustomHomeButton2.Label)]</label>
						<onclick>$INFO[Skin.String(CustomHomeButton2.Path)]</onclick>
						<icon>-</icon>
						<thumb>-</thumb>
						<visible>!IsEmpty(Skin.String(CustomHomeButton2.Path)) + !Skin.HasSetting(HomeMenuNoCustomHomeButton2)</visible>
					</item>
					<item id="13">
						<label>31960</label>
						<onclick>ActivateWindow(RadioChannels)</onclick>
						<icon>-</icon>
						<thumb>-</thumb>
						<visible>PVR.HasRadioChannels + !Skin.HasSetting(SkinMod) + !Skin.HasSetting(HomeMenuNoRadioButton)</visible>
					</item>
					<item id="17">
						<label>$INFO[Skin.String(CustomHomeButton3.Label)]</label>
						<onclick>$INFO[Skin.String(CustomHomeButton3.Path)]</onclick>
						<icon>-</icon>
						<thumb>-</thumb>
						<visible>!IsEmpty(Skin.String(CustomHomeButton3.Path)) + !Skin.HasSetting(HomeMenuNoCustomHomeButton3)</visible>
					</item>
					<item id="12">
						<label>31952</label>
						<onclick>ActivateWindow(TVChannels)</onclick>
						<icon>-</icon>
						<thumb>-</thumb>
						<visible>PVR.HasTVChannels + !Skin.HasSetting(SkinMod) + !Skin.HasSetting(HomeMenuNoTVButton)</visible>
					</item>
					<item id="18">
						<label>$INFO[Skin.String(CustomHomeButton4.Label)]</label>
						<onclick>$INFO[Skin.String(CustomHomeButton4.Path)]</onclick>
						<icon>-</icon>
						<thumb>-</thumb>
						<visible>!IsEmpty(Skin.String(CustomHomeButton4.Path)) + !Skin.HasSetting(HomeMenuNoCustomHomeButton4)</visible>
					</item>
					<item id="2">
						<label>31953</label>
						<onclick condition="StringCompare(Window.Property(VideosDirectLink),True)">ActivateWindow(Videos)</onclick>
						<onclick condition="!StringCompare(Window.Property(VideosDirectLink),True)">ActivateWindow(Videos,root)</onclick>
						<icon>-</icon>
						<thumb>-</thumb>
						<visible>!Skin.HasSetting(HomeMenuNoVideosButton) + !Skin.HasSetting(SkinMod)</visible>
					</item>
					<item id="19">
						<label>$INFO[Skin.String(CustomHomeButton5.Label)]</label>
						<onclick>$INFO[Skin.String(CustomHomeButton5.Path)]</onclick>
						<icon>-</icon>
						<thumb>-</thumb>
						<visible>!IsEmpty(Skin.String(CustomHomeButton5.Path)) + !Skin.HasSetting(HomeMenuNoCustomHomeButton5)</visible>
					</item>
					<item id="10">
						<label>31954</label>
						<onclick>ActivateWindow(Videos,MovieTitles,return)</onclick>
						<icon>-</icon>
						<thumb>-</thumb>
						<visible>!Skin.HasSetting(HomeMenuNoMovieButton) | Skin.HasSetting(SkinMod)</visible>
					</item>
					<item id="20">
						<label>$INFO[Skin.String(CustomHomeButton6.Label)]</label>
						<onclick>$INFO[Skin.String(CustomHomeButton6.Path)]</onclick>
						<icon>-</icon>
						<thumb>-</thumb>
						<visible>!IsEmpty(Skin.String(CustomHomeButton6.Path)) + !Skin.HasSetting(HomeMenuNoCustomHomeButton6)</visible>
					</item>
					<item id="11">
						<label>31955</label>
						<onclick>ActivateWindow(Videos,TVShowTitles,return)</onclick>
						<icon>-</icon>
						<thumb>-</thumb>
						<visible>!Skin.HasSetting(HomeMenuNoTVShowButton) | Skin.HasSetting(SkinMod)</visible>
					</item>
					<item id="21">
						<label>$INFO[Skin.String(CustomHomeButton7.Label)]</label>
						<onclick>$INFO[Skin.String(CustomHomeButton7.Path)]</onclick>
						<icon>-</icon>
						<thumb>-</thumb>
						<visible>!IsEmpty(Skin.String(CustomHomeButton7.Path)) + !Skin.HasSetting(HomeMenuNoCustomHomeButton7)</visible>
					</item>
					<item id="14">
						<label>32936</label>
						<onclick>ActivateWindow(Videos,MusicVideos,return))</onclick>
						<icon>-</icon>
						<thumb>-</thumb>
						<visible>Skin.HasSetting(HomeMenuMusicVideosButton) + !Skin.HasSetting(SkinMod)</visible>
					</item>
					<item id="22">
						<label>$INFO[Skin.String(CustomHomeButton8.Label)]</label>
						<onclick>$INFO[Skin.String(CustomHomeButton8.Path)]</onclick>
						<icon>-</icon>
						<thumb>-</thumb>
						<visible>!IsEmpty(Skin.String(CustomHomeButton8.Path)) + !Skin.HasSetting(HomeMenuNoCustomHomeButton8)</visible>
					</item>
					<item id="3">
						<label>31956</label>
						<onclick>ActivateWindow(Music)</onclick>
						<icon>-</icon>
						<thumb>-</thumb>
						<visible>!Skin.HasSetting(HomeMenuNoMusicButton) | Skin.HasSetting(SkinMod)</visible>
					</item>
					<item id="23">
						<label>$INFO[Skin.String(CustomHomeButton9.Label)]</label>
						<onclick>$INFO[Skin.String(CustomHomeButton9.Path)]</onclick>
						<icon>-</icon>
						<thumb>-</thumb>
						<visible>!IsEmpty(Skin.String(CustomHomeButton9.Path)) + !Skin.HasSetting(HomeMenuNoCustomHomeButton9)</visible>
					</item>
					<item id="1">
						<label>31957</label>
						<onclick condition="!System.Platform.Android">ActivateWindow(Programs,Addons,return)</onclick>
						<onclick condition="System.Platform.Android">ActivateWindow(Programs)</onclick>
						<icon>-</icon>
						<thumb>-</thumb>
						<visible>!Skin.HasSetting(HomeMenuNoProgramsButton) + !Skin.HasSetting(SkinMod) + !Skin.HasSetting(KidsProfile)</visible>
					</item>
					<item id="24">
						<label>$INFO[Skin.String(CustomHomeButton10.Label)]</label>
						<onclick>$INFO[Skin.String(CustomHomeButton10.Path)]</onclick>
						<icon>-</icon>
						<thumb>-</thumb>
						<visible>!IsEmpty(Skin.String(CustomHomeButton10.Path)) + !Skin.HasSetting(HomeMenuNoCustomHomeButton10)</visible>
					</item>
					<item id="6">
						<label>31958</label>
						<onclick>PlayDVD()</onclick>
						<icon>-</icon>
						<thumb>-</thumb>
						<visible>System.HasMediaDVD + !Skin.HasSetting(HomeMenuNoDVDButton)</visible>
					</item>
					<item id="5">
						<label>31959</label>
						<onclick>ActivateWindow(Settings)</onclick>
						<icon>-</icon>
						<thumb>-</thumb>
						<visible>![Skin.HasSetting(SkinMod) | Skin.HasSetting(KidsProfile) | Skin.HasSetting(HomeMenuNoSystemButton)]</visible>
					</item>
				</content>
			</control>
			<control type="image">
				<left>0</left>
				<top>6</top>
				<width>128</width>
				<height>63</height>
				<texture>SideFade.png</texture>
			</control>
			<control type="image">
				<left>128r</left>
				<top>6</top>
				<width>128</width>
				<height>63</height>
				<texture flipx="true">SideFade.png</texture>
			</control>
		</control>
		<control type="group" id="9002">
			<onup>9001</onup>
			<ondown>905</ondown>
			<control type="fixedlist" id="700">
				<animation effect="slide" start="0,0" end="-91,0" time="0" condition="StringCompare(Container(700).NumItems,2) | StringCompare(Container(700).NumItems,4)">conditional</animation>
				<visible>Container(9000).HasFocus(2)| Container(9000).HasFocus(11)</visible>
				<onleft>700</onleft>
				<onright>700</onright>
				<onup>9001</onup>
				<ondown>905</ondown>
				<include>HomeAddonsCommonLayout</include>
				<content>
					<include>HomeAddonItemsVideos</include>
				</content>
			</control>
			<control type="fixedlist" id="703">
				<animation effect="slide" start="0,0" end="-91,0" time="0" condition="StringCompare(Container(703).NumItems,2) | StringCompare(Container(703).NumItems,4)">conditional</animation>
				<visible>Container(9000).HasFocus(3)</visible>
				<onleft>703</onleft>
				<onright>703</onright>
				<onup>9001</onup>
				<ondown>905</ondown>
				<include>HomeAddonsCommonLayout</include>
				<content>
					<include>HomeAddonItemsMusic</include>
				</content>
			</control>
			<control type="fixedlist" id="704">
				<animation effect="slide" start="0,0" end="-91,0" time="0" condition="StringCompare(Container(704).NumItems,2) | StringCompare(Container(704).NumItems,4)">conditional</animation>
				<visible>Container(9000).HasFocus(4) | Container(9000).HasFocus(10)</visible>
				<onleft>704</onleft>
				<onright>704</onright>
				<onup>9001</onup>
				<ondown>905</ondown>
				<include>HomeAddonsCommonLayout</include>
				<content>
					<include>HomeAddonItemsPictures</include>
				</content>
			</control>
			<control type="fixedlist" id="705">
				<animation effect="slide" start="0,0" end="-91,0" time="0" condition="StringCompare(Container(705).NumItems,2) | StringCompare(Container(705).NumItems,4)">conditional</animation>
				<visible>Container(9000).HasFocus(1)</visible>
				<onleft>705</onleft>
				<onright>705</onright>
				<onup>9001</onup>
				<ondown>905</ondown>
				<include>HomeAddonsCommonLayout</include>
				<content>
					<include>HomeAddonItemsPrograms</include>
				</content>
			</control>
		</control>
		<control type="group">
			<left>0</left>
			<top>33r</top>
			<visible>system.getbool(lookandfeel.enablerssfeeds) + !Skin.HasSetting(SkinMod) + !Skin.HasSetting(KidsProfile)</visible>
			<include>Window_OpenClose_Animation</include>
			<control type="rss">
				<description>RSS feed</description>
				<left>175</left>
				<top>0</top>
				<height>30</height>
				<width>930</width>
				<font>font12</font>
				<urlset>1</urlset>
				<textcolor>blue</textcolor>
				<titlecolor>blue</titlecolor>
				<headlinecolor>white</headlinecolor>
			</control>
		</control>
		<control type="group" id="10">
			<left>20</left>
			<top>55r</top>
			<include>Window_OpenClose_Animation</include>
			<control type="button" id="905">
				<description>SkinMod push button</description>
				<left>0</left>
				<top>0</top>
				<width>45</width>
				<height>45</height>
				<label>31003</label>
				<font>-</font>
				<onclick>Skin.ToggleSetting(SkinMod)</onclick>
				<onclick>Skin.ToggleSetting(FavouriteVideoAddons)</onclick>
				<onclick>Skin.ToggleSetting(FavouriteMusicAddons)</onclick>
				<onclick>Skin.ToggleSetting(FavouritePictureAddons)</onclick>
				<onclick>Skin.ToggleSetting(FavouriteProgramAddons)</onclick>
				<onclick>Skin.Reset(DeveloperMode)</onclick>
				<onclick>Skin.Reset(EnableDeveloper)</onclick>
				<onclick>Skin.Reset(KidsProfile)</onclick>
				<onclick condition="!Skin.HasSetting(NoReloadSkin)">ReloadSkin()</onclick>
				<onclick condition="!Skin.HasSetting(NoReloadSkin)">ReloadKeymaps</onclick>
                <texturefocus colordiffuse="$VAR[ColorFO1]" border="5">floor_buttonFOnew.png</texturefocus>
                <texturenofocus colordiffuse="$VAR[Color1]" border="5">floor_buttonnew.png</texturenofocus>
				<onleft>20</onleft>
				<onright>906</onright>
				<onup>9002</onup>
				<ondown>9003</ondown>
				<visible>!Skin.HasSetting(KidsProfile)</visible>
			</control>
			<control type="image">
				<description>SkinMod Icon</description>
				<left>5</left>
				<top>5</top>
				<width>35</width>
				<height>35</height>
				<aspectratio>keep</aspectratio>
				<texture>01SkinMod.png</texture>
				<visible>!Skin.HasSetting(KidsProfile)</visible>
			</control>
			<control type="button" id="906">
				<description>SkinSettings push button</description>
				<left>55</left>
				<top>0</top>
				<width>45</width>
				<height>45</height>
				<label>31003</label>
				<font>-</font>
				<onclick>ActivateWindow(SkinSettings)</onclick>
				<onclick condition="!Skin.HasSetting(NoReloadSkin)">ReloadSkin()</onclick>
				<onclick condition="!Skin.HasSetting(NoReloadSkin)">ReloadKeymaps</onclick>
                <texturefocus colordiffuse="$VAR[ColorFO1]" border="5">floor_buttonFOnew.png</texturefocus>
                <texturenofocus colordiffuse="$VAR[Color1]" border="5">floor_buttonnew.png</texturenofocus>
				<onleft>905</onleft>
				<onright>907</onright>
				<onup>9002</onup>
				<ondown>9003</ondown>
				<visible>!Skin.HasSetting(SkinMod) + !Skin.HasSetting(KidsProfile)</visible>
			</control>
			<control type="image">
				<description>SkinSettings Icon</description>
				<left>60</left>
				<top>5</top>
				<width>35</width>
				<height>35</height>
				<aspectratio>keep</aspectratio>
				<texture>03SkinSettings.png</texture>
				<visible>!Skin.HasSetting(SkinMod) + !Skin.HasSetting(KidsProfile)</visible>
			</control>
			<control type="button" id="907">
				<description>BootMenu push button</description>
				<left>110</left>
				<top>0</top>
				<width>45</width>
				<height>45</height>
				<label>1036</label>
				<font>-</font>
				<onclick>ActivateWindow(1100)</onclick>
				<onclick condition="!Skin.HasSetting(NoReloadSkin)">ReloadSkin()</onclick>
				<onclick condition="!Skin.HasSetting(NoReloadSkin)">ReloadKeymaps</onclick>
                <texturefocus colordiffuse="$VAR[ColorFO1]" border="5">floor_buttonFOnew.png</texturefocus>
                <texturenofocus colordiffuse="$VAR[Color1]" border="5">floor_buttonnew.png</texturenofocus>
				<onleft>906</onleft>
				<onright>908</onright>
				<onup>9002</onup>
				<ondown>9003</ondown>
				<visible>!Skin.HasSetting(SkinMod) + !Skin.HasSetting(KidsProfile)</visible>
			</control>
			<control type="image">
				<description>BootMenu Icon</description>
				<left>115</left>
				<top>5</top>
				<width>35</width>
				<height>35</height>
				<aspectratio>keep</aspectratio>
				<texture>02BootMenu.png</texture>
				<visible>!Skin.HasSetting(SkinMod) + !Skin.HasSetting(KidsProfile)</visible>
			</control>
			<control type="button" id="908">
				<description>PVR Manager push button</description>
				<left>1085</left>
				<top>0</top>
				<width>45</width>
				<height>45</height>
				<label>31003</label>
				<font>-</font>
				<onclick>RunPlugin(plugin://plugin.program.openeleq.tools/?mode=update)</onclick>
				<onclick condition="!Skin.HasSetting(NoReloadSkin)">ReloadSkin()</onclick>
				<onclick condition="!Skin.HasSetting(NoReloadSkin)">ReloadKeymaps</onclick>
				<!--<onclick>ActivateWindow(1120)</onclick>-->
                <texturefocus colordiffuse="$VAR[ColorFO1]" border="5">floor_buttonFOnew.png</texturefocus>
                <texturenofocus colordiffuse="$VAR[Color1]" border="5">floor_buttonnew.png</texturenofocus>
				<onleft>907</onleft>
				<onright>21</onright>
				<onup>9002</onup>
				<ondown>9003</ondown>
				<visible>!Skin.HasSetting(SkinMod) + !Skin.HasSetting(KidsProfile) + System.HasAddon(plugin.program.openeleq.tools)</visible>
			</control>
			<control type="image">
				<description>PVR Manager Icon</description>
				<left>1090</left>
				<top>5</top>
				<width>35</width>
				<height>35</height>
				<aspectratio>keep</aspectratio>
				<texture>04PVRmanager.png</texture>
				<visible>!Skin.HasSetting(SkinMod) + !Skin.HasSetting(KidsProfile) + System.HasAddon(plugin.program.openeleq.tools)</visible>
			</control>
			<control type="button" id="908">
				<description>PVR Manager push button</description>
				<left>1085</left>
				<top>0</top>
				<width>45</width>
				<height>45</height>
				<label>31003</label>
				<font>-</font>
				<onclick>RunScript(script.rss.editor)</onclick>
				<onclick condition="!Skin.HasSetting(NoReloadSkin)">ReloadSkin()</onclick>
				<onclick condition="!Skin.HasSetting(NoReloadSkin)">ReloadKeymaps</onclick>
				<!--<onclick>ActivateWindow(1120)</onclick>-->
                <texturefocus colordiffuse="$VAR[ColorFO1]" border="5">floor_buttonFOnew.png</texturefocus>
                <texturenofocus colordiffuse="$VAR[Color1]" border="5">floor_buttonnew.png</texturenofocus>
				<onleft>907</onleft>
				<onright>21</onright>
				<onup>9002</onup>
				<ondown>9003</ondown>
				<visible>!Skin.HasSetting(SkinMod) + !Skin.HasSetting(KidsProfile) + !System.HasAddon(plugin.program.openeleq.tools)</visible>
			</control>
			<control type="image">
				<description>RSS background</description>
				<left>1090</left>
				<top>5</top>
				<width>35</width>
				<height>35</height>
				<texture>icon-rss.png</texture>
				<visible>!Skin.HasSetting(SkinMod) + !Skin.HasSetting(KidsProfile) + !System.HasAddon(plugin.program.openeleq.tools)</visible>
			</control>
			<control type="button" id="21">
				<description>Favourites push button</description>
				<left>1140</left>
				<top>0</top>
				<width>45</width>
				<height>45</height>
				<label>1036</label>
				<font>-</font>
				<onclick>ActivateWindow(Favourites)</onclick>
				<onclick condition="!Skin.HasSetting(NoReloadSkin)">ReloadSkin()</onclick>
				<onclick condition="!Skin.HasSetting(NoReloadSkin)">ReloadKeymaps</onclick>
                <texturefocus colordiffuse="$VAR[ColorFO1]" border="5">floor_buttonFOnew.png</texturefocus>
                <texturenofocus colordiffuse="$VAR[Color1]" border="5">floor_buttonnew.png</texturenofocus>
				<onleft>908</onleft>
				<onright>20</onright>
				<onup>9002</onup>
				<ondown>9003</ondown>
				<visible>!Skin.HasSetting(SkinMod) + !Skin.HasSetting(KidsProfile)</visible>
			</control>
			<control type="image">
				<description>Favourites Icon</description>
				<left>1145</left>
				<top>5</top>
				<width>35</width>
				<height>35</height>
				<aspectratio>keep</aspectratio>
				<texture>icon_favourites.png</texture>
				<visible>!Skin.HasSetting(SkinMod) + !Skin.HasSetting(KidsProfile)</visible>
			</control>
			<control type="button" id="20">
				<description>Power push button</description>
				<left>1195</left>
				<top>0</top>
				<width>45</width>
				<height>45</height>
				<label>31003</label>
				<font>-</font>
				<onclick condition="Skin.HasSetting(XXX)">RunScript(special://home/addons/plugin.program.openeleq.tools/resources/lib/xxx.py,xxxoff)</onclick>
				<onclick condition="!Skin.HasSetting(XXX)">ActivateWindow(ShutdownMenu)</onclick>
				<onclick condition="!Skin.HasSetting(NoReloadSkin)">ReloadSkin()</onclick>
				<onclick condition="!Skin.HasSetting(NoReloadSkin)">ReloadKeymaps</onclick>
                <texturefocus colordiffuse="$VAR[ColorFO1]" border="5">floor_buttonFOnew.png</texturefocus>
                <texturenofocus colordiffuse="$VAR[Color1]" border="5">floor_buttonnew.png</texturenofocus>
				<onleft>21</onleft>
				<onright>905</onright>
				<onup>9002</onup>
				<ondown>9003</ondown>
			</control>
			<control type="image">
				<description>Power Icon</description>
				<left>1200</left>
				<top>5</top>
				<width>35</width>
				<height>35</height>
				<aspectratio>keep</aspectratio>
				<texture>icon_power.png</texture>
			</control>
		</control>
		<control type="group">
			<left>0</left>
			<top>0</top>
			<visible>Skin.HasSetting(homepageWeatherinfo) + !IsEmpty(Weather.Plugin)</visible>
			<include>Window_OpenClose_Animation</include>
			<control type="image">
				<description>Weather image</description>
				<left>0</left>
				<top>0</top>
				<width>60</width>
				<height>60</height>
				<aspectratio>keep</aspectratio>
				<texture>$INFO[Weather.Conditions]</texture>
			</control>
			<control type="label">
				<description>Location label</description>
				<left>65</left>
				<top>5</top>
				<width>500</width>
				<height>15</height>
				<align>left</align>
				<aligny>center</aligny>
				<font>font10</font>
				<textcolor>white</textcolor>
				<shadowcolor>black</shadowcolor>
				<label>$INFO[Window(Weather).Property(Location)]</label>
			</control>
			<control type="grouplist">
				<left>65</left>
				<top>20</top>
				<width>1000</width>
				<height>30</height>
				<orientation>horizontal</orientation>
				<align>left</align>
				<itemgap>0</itemgap>
				<control type="label">
					<description>Temp label</description>
					<width min="0" max="300">auto</width>
					<height>30</height>
					<align>left</align>
					<aligny>center</aligny>
					<font>font28_title</font>
					<textcolor>white</textcolor>
					<shadowcolor>black</shadowcolor>
					<label>[B]$INFO[Window(Weather).Property(Current.Temperature)][/B]</label>
				</control>
				<control type="label">
					<description>Temp Units</description>
					<width min="0" max="100">auto</width>
					<height>22</height>
					<font>font10</font>
					<aligny>center</aligny>
					<label>$INFO[System.TemperatureUnits]</label>
					<textcolor>white</textcolor>
					<shadowcolor>black</shadowcolor>
					<visible>!IsEmpty(Window(Weather).Property(Current.Temperature))</visible>
				</control>
				<control type="label">
					<description>Conditions Label</description>
					<width>500</width>
					<height>22</height>
					<font>font10</font>
					<aligny>center</aligny>
					<label>$INFO[Window(Weather).Property(Current.Condition),  ]</label>
					<textcolor>grey2</textcolor>
					<shadowcolor>black</shadowcolor>
				</control>
			</control>
		</control>
		<include>Clock</include>
		<control type="label">
			<visible>Skin.HasSetting(SystemDate)</visible>
			<description>Date label</description>
			<right>20</right>
			<top>35</top>
			<width>200</width>
			<height>15</height>
			<align>right</align>
			<aligny>center</aligny>
			<font>font10</font>
			<textcolor>white</textcolor>
			<shadowcolor>black</shadowcolor>
			<label>$INFO[System.Date]</label>
			<include>Window_OpenClose_Animation</include>
			<animation effect="slide" start="0,0" end="-40,0" time="100" condition="Window.IsVisible(Mutebug)">conditional</animation>
		</control>
	</controls>	
</window>
