<?xml version="1.0" encoding="UTF-8" standalone="yes"?>
<addon id="script.widget.info" name="Widget Info Button" version="0.0.1" provider-name="Mr. V">
        <requires>
                <import addon="xbmc.python" version="2.1.0"/>
        </requires>
        <extension point="xbmc.python.library" library="default.py" />
        <extension point="xbmc.addon.metadata">
                <language/>
                <summary lang="en">Widget Info Button</summary>
                <description lang="en">Detects info button push to open widget information</description>
                <platform>all</platform>
        </extension>
</addon>
