<favourites>
	<favourite name="3XZ" thumb="special://home/addons/plugin.video.adult.3xz/icon.png">ActivateWindow(10025,&quot;plugin://plugin.video.adult.3xz/&quot;)</favourite>
	<favourite name="Beeg.com  (Addon)" thumb="special://home/addons/plugin.video.beeg.com/icon.png">ActivateWindow(10025,&quot;plugin://plugin.video.beeg.com/&quot;)</favourite>
	<favourite name="Beeg.com (ePornik)" thumb="special://home/userdata/backgrounds/Sexy-9.jpg">ActivateWindow(10025,&quot;plugin://plugin.video.eroticshark/?foldername=Beeg&amp;mode=beeg&quot;)</favourite>
	<favourite name="ePornik" thumb="special://home/addons/plugin.video.epornik/icon.png">ActivateWindow(10025,&quot;plugin://plugin.video.epornik/?sf_options=desc%3DA+simple+add-on+for+ePornik.com+%28Adult%29%26_options_sf&quot;,return)</favourite>
	<favourite name="Erotik" thumb="special://home/addons/plugin.video.erotik/icon.png">ActivateWindow(10025,&quot;plugin://plugin.video.erotik/&quot;)</favourite>
	<favourite name="Fantasti.cc" thumb="special://home/addons/plugin.video.fantasticc/icon.png">ActivateWindow(10025,&quot;plugin://plugin.video.fantasticc/&quot;)</favourite>
	<favourite name="[COLOR hotpink][B]Free porn[/B][/COLOR]" thumb="special://home/addons/plugin.video.aob/icons/fp.png">ActivateWindow(10025,&quot;plugin://plugin.video.aob/?mode=Menu9&quot;)</favourite>
	<favourite name="Freepornsite.me" thumb="special://home/userdata/backgrounds/10-hottest-porn-stars-u1.jpg">ActivateWindow(10025,&quot;plugin://plugin.video.eroticshark/?foldername=Freepornsite&amp;mode=freepornsite&quot;)</favourite>
	<favourite name="Lubetube" thumb="special://home/addons/plugin.video.lubetube/icon.png">ActivateWindow(10025,&quot;plugin://plugin.video.lubetube/&quot;)</favourite>
	<favourite name="RedTube" thumb="special://home/addons/plugin.video.redtube/icon.png">ActivateWindow(10025,&quot;plugin://plugin.video.redtube/?sf_options=desc%3DA+simple+add-on+for+RedTube.com+%28Adult%29%26_options_sf&quot;,return)</favourite>
	<favourite name="Tube8" thumb="special://home/addons/plugin.video.tube8/icon.png">ActivateWindow(10025,&quot;plugin://plugin.video.tube8/&quot;)</favourite>
	<favourite name="VideoDevil" thumb="special://home/addons/plugin.video.videodevil/icon.png">ActivateWindow(10025,&quot;plugin://plugin.video.videodevil/&quot;)</favourite>
	<favourite name="[COLOR hotpink][B]webwarez[/B][/COLOR]" thumb="special://home/addons/plugin.video.aob/icons/ww1.png">ActivateWindow(10025,&quot;plugin://plugin.video.aob/?mode=Menu8&quot;)</favourite>
	<favourite name="Wood Rocket" thumb="special://home/addons/plugin.video.woodrocket/icon.png">ActivateWindow(10025,&quot;plugin://plugin.video.woodrocket?sf_options=fanart%3Dspecial://home/addons/plugin.video.woodrocket/fanart.jpg%26desc%3DPulling+all+the+best+porn+from+WoodRocket.com%26_options_sf&quot;,return)</favourite>
	<favourite name="XVideos.com" thumb="special://home/userdata/backgrounds/8055396722_f6638f65d7_o.jpg">ActivateWindow(10025,&quot;plugin://plugin.video.eroticshark/?foldername=Xvideos&amp;mode=xvideos&quot;)</favourite>
	<favourite name="YouJizz.com" thumb="special://home/addons/plugin.video.you.jizz/icon.png">ActivateWindow(10025,&quot;plugin://plugin.video.you.jizz/&quot;)</favourite>
	<favourite name="Empflix" thumb="special://home/addons/plugin.video.empflix/icon.png">ActivateWindow(10025,&quot;plugin://plugin.video.empflix/?sf_options=desc%3D%26_options_sf&quot;,return)</favourite>
	<favourite name="Erotic Shark" thumb="special://home/addons/plugin.video.eroticshark/icon.png">ActivateWindow(10025,&quot;plugin://plugin.video.eroticshark?sf_options=fanart%3Dspecial://home/addons/plugin.video.eroticshark/fanart.jpg%26desc%3D%26_options_sf&quot;,return)</favourite>
	<favourite name="Porn Hub" thumb="special://home/addons/plugin.video.pornhub/icon.png">ActivateWindow(10025,&quot;plugin://plugin.video.pornhub?sf_options=fanart%3Dspecial://home/addons/plugin.video.pornhub/fanart.jpg%26desc%3D%26_options_sf&quot;,return)</favourite>
	<favourite name="Ultimate Whitecream" thumb="special://home/addons/plugin.video.uwc/icon.png">ActivateWindow(10025,&quot;plugin://plugin.video.uwc?sf_options=fanart%3Dspecial://home/addons/plugin.video.uwc/fanart.jpg%26desc%3D%26_options_sf&quot;,return)</favourite>
</favourites>