<?xml version="1.0" encoding="UTF-8" standalone="yes"?>
<addon id="plugin.video.korea-xxx" name="korean XXX" version="1.1.0" provider-name="IPTVxtra">
  <requires>
    <import addon="xbmc.python" version="2.1.0" />
  </requires>
  <extension point="xbmc.python.pluginsource"
            library="default.py">
        <provides>video</provides>
  </extension>
  <extension point="xbmc.addon.metadata">
    <platform>all</platform>
    <summary>IPTVxtra Team</summary>
    <description>koreanisches XXX TV</description>
  </extension>
</addon>
