<?xml version="1.0" encoding="UTF-8" standalone="yes"?>
<addon id="plugin.audio.di.fm" name="Digitally Imported" version="0" provider-name="qualisoft.dk - Tim C. Steinmetz">
	<requires>
		<import addon="xbmc.python" version="2.1.0"/>
	</requires>
	<extension point="xbmc.python.pluginsource" library="default.py">
		<provides>audio</provides>
	</extension>
	<extension point="xbmc.addon.metadata">
		<platform>all</platform>
		<language>en</language>
		<license>GPL 2.0</license>
		<forum>http://forum.xbmc.org/showthread.php?tid=129857</forum>
    		<website>http://www.qualisoft.dk</website>
		<source>https://github.com/Bitcrusher/Digitally-Imported-XBMC-plugin</source>
   		<summary lang="en">Digitally Imported</summary>
		<description>If you're seeing this message it means the add-on is still updating, please wait for the update process to complete.</description>
	</extension>
</addon>
