<?xml version="1.0" encoding="UTF-8"?>
<addon id="plugin.video.xhamstergay" name="xHamster Gay" version="0.2" provider-name="xbmc-adult">
    <requires>
        <import addon="xbmc.python" version="2.1.0"/>
    </requires>
    <extension point="xbmc.python.pluginsource" library="default.py">
        <provides>video</provides>
    </extension>
    <extension point="xbmc.addon.metadata">
        <summary lang="en">Free Gays Porn Videos</summary>
        <description lang="en">Free Gays Porn Videos from xhamster.com</description>
        <platform>all</platform>
    </extension>
</addon>
